priority,id,name,faction,type,model,texture,rig,vfx,tris,over_60k,source,meshy_task_ids,source_art,gap,next_step,credit_est
P0,poseidon_ability_tidewell,Tidewell Bastion,Poseidon,Structure,stand-in (procedural),none,static by design,NEEDS build-up summon + collapse death (generic burst today),,,,,desolate-tuba/structures,no model,"image-to-3D from desolate-tuba art, remesh 30K, texture with faction palette",35
P0,poseidon_abyss_gate,Abyss Gate,Poseidon,Structure,"interim (imported, off-style/held)",held/off-style,static by design,NEEDS build-up summon + collapse death (generic burst today),29862,,staging/meshy/AI-052-poseidon_abyss_gate/textured/poseidon_abyss_gate_textured.glb,not recorded,desolate-tuba/structures,"AI-052 Meshy 6 text-to-3D (pre-style brief), never style-reviewed",review first; regenerate from DT art if off-style,35
P0,poseidon_apex_leviathan_gate,Leviathan Gate,Poseidon,Structure,stand-in (procedural),none,static by design,NEEDS build-up summon + collapse death (generic burst today),,,,,desolate-tuba/structures,no model,"image-to-3D from desolate-tuba art, remesh 30K, texture with faction palette",35
P0,poseidon_coral_bulwark,Coral Bulwark,Poseidon,Structure,stand-in (procedural),none,static by design,NEEDS build-up summon + collapse death (generic burst today),,,,,desolate-tuba/structures,no model,"image-to-3D from desolate-tuba art, remesh 30K, texture with faction palette",35
P0,poseidon_driftwood_breakwater,Driftwood Breakwater,Poseidon,Structure,stand-in (procedural),none,static by design,NEEDS build-up summon + collapse death (generic burst today),,,,,alpha-0.7.15/structures,no model,"image-to-3D from alpha-0.7.15 art, remesh 30K, texture with faction palette",35
P0,poseidon_moonwell_tidegate,Moonwell Tidegate,Poseidon,Structure,stand-in (procedural),none,static by design,NEEDS build-up summon + collapse death (generic burst today),,,,,alpha-0.7.15/structures,no model,"image-to-3D from alpha-0.7.15 art, remesh 30K, texture with faction palette",35
P0,poseidon_sonar_beacon,Sonar Beacon,Poseidon,Structure,stand-in (procedural),none,static by design,NEEDS build-up summon + collapse death (generic burst today),,,,,desolate-tuba/structures,no model,"image-to-3D from desolate-tuba art, remesh 30K, texture with faction palette",35
P0,poseidon_structure_ambrosial_spring,Ambrosial Spring,Poseidon,Structure,stand-in (procedural),none,static by design,NEEDS build-up summon + collapse death (generic burst today),,,,,desolate-tuba/structures,no model,"image-to-3D from desolate-tuba art, remesh 30K, texture with faction palette",35
P0,poseidon_structure_current_exchange,Current Exchange,Poseidon,Structure,stand-in (procedural),none,static by design,NEEDS build-up summon + collapse death (generic burst today),,,,,desolate-tuba/structures,no model,"image-to-3D from desolate-tuba art, remesh 30K, texture with faction palette",35
P0,poseidon_structure_pearl_infirmary,Pearl Infirmary,Poseidon,Structure,stand-in (procedural),none,static by design,NEEDS build-up summon + collapse death (generic burst today),,,,,desolate-tuba/structures,no model,"image-to-3D from desolate-tuba art, remesh 30K, texture with faction palette",35
P0,poseidon_structure_tidevault,Tidevault,Poseidon,Structure,stand-in (procedural),none,static by design,NEEDS build-up summon + collapse death (generic burst today),,,,,desolate-tuba/structures,no model,"image-to-3D from desolate-tuba art, remesh 30K, texture with faction palette",35
P0,poseidon_tidal_pump_station,Tidal Pump Station,Poseidon,Structure,stand-in (procedural),none,static by design,NEEDS build-up summon + collapse death (generic burst today),,,,,desolate-tuba/structures,no model,"image-to-3D from desolate-tuba art, remesh 30K, texture with faction palette",35
P0,poseidon_tutor_structure_1,Undertow Burrow Gate,Poseidon,Structure,stand-in (procedural),none,static by design,NEEDS build-up summon + collapse death (generic burst today),,,,,desolate-tuba/structures,no model,"image-to-3D from desolate-tuba art, remesh 30K, texture with faction palette",35
P0,poseidon_tutor_structure_2,Tideguard Barracks,Poseidon,Structure,stand-in (procedural),none,static by design,NEEDS build-up summon + collapse death (generic burst today),,,,,desolate-tuba/structures,no model,"image-to-3D from desolate-tuba art, remesh 30K, texture with faction palette",35
P0,poseidon_tutor_structure_3,Nereid Calling Conch,Poseidon,Structure,stand-in (procedural),none,static by design,NEEDS build-up summon + collapse death (generic burst today),,,,,desolate-tuba/structures,no model,"image-to-3D from desolate-tuba art, remesh 30K, texture with faction palette",35
P0,poseidon_tutor_structure_4,Leviathan Muster Dock,Poseidon,Structure,stand-in (procedural),none,static by design,NEEDS build-up summon + collapse death (generic burst today),,,,,desolate-tuba/structures,no model,"image-to-3D from desolate-tuba art, remesh 30K, texture with faction palette",35
P0,poseidon_tutor_structure_5,Thalassic Hero Hall,Poseidon,Structure,stand-in (procedural),none,static by design,NEEDS build-up summon + collapse death (generic burst today),,,,,desolate-tuba/structures,no model,"image-to-3D from desolate-tuba art, remesh 30K, texture with faction palette",35
P0,zeus_ability_oracle_spire,Oracle Spire,Zeus,Structure,stand-in (procedural),none,static by design,NEEDS build-up summon + collapse death (generic burst today),,,,,desolate-tuba/structures,no model,"image-to-3D from desolate-tuba art, remesh 30K, texture with faction palette",35
P0,zeus_apex_worldstorm_spire,Worldstorm Spire,Zeus,Structure,stand-in (procedural),none,static by design,NEEDS build-up summon + collapse death (generic burst today),,,,,desolate-tuba/structures,no model,"image-to-3D from desolate-tuba art, remesh 30K, texture with faction palette",35
P0,zeus_cloudwall_bastion,Cloudwall Bastion,Zeus,Structure,stand-in (procedural),none,static by design,NEEDS build-up summon + collapse death (generic burst today),,,,,desolate-tuba/structures,no model,"image-to-3D from desolate-tuba art, remesh 30K, texture with faction palette",35
P0,zeus_ion_storm_lattice,Ion Storm Lattice,Zeus,Structure,stand-in (procedural),none,static by design,NEEDS build-up summon + collapse death (generic burst today),,,,,alpha-0.7.15/structures,no model,"image-to-3D from alpha-0.7.15 art, remesh 30K, texture with faction palette",35
P0,zeus_keraunos_charging_spire,Keraunos Charging Spire,Zeus,Structure,stand-in (procedural),none,static by design,NEEDS build-up summon + collapse death (generic burst today),,,,,desolate-tuba/structures,no model,"image-to-3D from desolate-tuba art, remesh 30K, texture with faction palette",35
P0,zeus_storm_relay_pylon,Storm Relay Pylon,Zeus,Structure,stand-in (procedural),none,static by design,NEEDS build-up summon + collapse death (generic burst today),,,,,desolate-tuba/structures,no model,"image-to-3D from desolate-tuba art, remesh 30K, texture with faction palette",35
P0,zeus_structure_aegis_conductor,Aegis Conductor,Zeus,Structure,stand-in (procedural),none,static by design,NEEDS build-up summon + collapse death (generic burst today),,,,,desolate-tuba/structures,no model,"image-to-3D from desolate-tuba art, remesh 30K, texture with faction palette",35
P0,zeus_structure_cloud_archive,Cloud Archive,Zeus,Structure,stand-in (procedural),none,static by design,NEEDS build-up summon + collapse death (generic burst today),,,,,desolate-tuba/structures,no model,"image-to-3D from desolate-tuba art, remesh 30K, texture with faction palette",35
P0,zeus_structure_oracle_of_storms,Oracle of Storms,Zeus,Structure,stand-in (procedural),none,static by design,NEEDS build-up summon + collapse death (generic burst today),,,,,desolate-tuba/structures,no model,"image-to-3D from desolate-tuba art, remesh 30K, texture with faction palette",35
P0,zeus_structure_stormglass_relay,Stormglass Relay,Zeus,Structure,stand-in (procedural),none,static by design,NEEDS build-up summon + collapse death (generic burst today),,,,,desolate-tuba/structures,no model,"image-to-3D from desolate-tuba art, remesh 30K, texture with faction palette",35
P0,zeus_tutor_structure_1,Sparkstep Beacon,Zeus,Structure,stand-in (procedural),none,static by design,NEEDS build-up summon + collapse death (generic burst today),,,,,desolate-tuba/structures,no model,"image-to-3D from desolate-tuba art, remesh 30K, texture with faction palette",35
P0,zeus_tutor_structure_2,Cloudline Dispatch,Zeus,Structure,stand-in (procedural),none,static by design,NEEDS build-up summon + collapse death (generic burst today),,,,,desolate-tuba/structures,no model,"image-to-3D from desolate-tuba art, remesh 30K, texture with faction palette",35
P0,zeus_tutor_structure_3,Sharp-Shot Observatory,Zeus,Structure,stand-in (procedural),none,static by design,NEEDS build-up summon + collapse death (generic burst today),,,,,desolate-tuba/structures,no model,"image-to-3D from desolate-tuba art, remesh 30K, texture with faction palette",35
P0,zeus_tutor_structure_4,Seraphic Relay,Zeus,Structure,stand-in (procedural),none,static by design,NEEDS build-up summon + collapse death (generic burst today),,,,,desolate-tuba/structures,no model,"image-to-3D from desolate-tuba art, remesh 30K, texture with faction palette",35
P0,zeus_tutor_structure_5,Skyfather's Summons,Zeus,Structure,stand-in (procedural),none,static by design,NEEDS build-up summon + collapse death (generic burst today),,,,,desolate-tuba/structures,no model,"image-to-3D from desolate-tuba art, remesh 30K, texture with faction palette",35
P0,zeus_zephyr_mooring_mast,Zephyr Mooring Mast,Zeus,Structure,stand-in (procedural),none,static by design,NEEDS build-up summon + collapse death (generic burst today),,,,,alpha-0.7.15/structures,no model,"image-to-3D from alpha-0.7.15 art, remesh 30K, texture with faction palette",35
P0,zeus_zeus_command_nexus,Zeus Command Nexus,Zeus,Structure,stand-in (procedural),none,static by design,NEEDS build-up summon + collapse death (generic burst today),,,,,desolate-tuba/structures,no model,"image-to-3D from desolate-tuba art, remesh 30K, texture with faction palette",35
P1,poseidon_ability_reefwarden,Reefwarden,Poseidon,Character,final,final,needs rig (humanoid: idle/walk/attack/hit/death),NEEDS summon + death VFX (generic burst today),30492,,staging/meshy/batch-04b-alpha-img2-3d/poseidon_ability_reefwarden.glb,01a0f206-856e-74fd-bd27-4a1feead9cb8; 01a0f21b-4a1c-71ee-b461-9186971ea78e,desolate-tuba/characters,no rig/clips,,20
P1+P2,poseidon_abyssal_molecrab,Abyssal Molecrab,Poseidon,Character,final,final,needs rig (non-humanoid),NEEDS summon + death VFX (generic burst today),457248,YES,staging/meshy/batch-07-poseidon-humans-lite/textured/poseidon_abyssal_molecrab.glb,01a0f966-0903-7292-bf4e-10896a312be2; 01a0fa6b-4b70… (prefix),desolate-tuba/characters,over 60K tris (not remeshed); no rig/clips,local Blender decimate to ~30K keeping UVs (0 credits) or Meshy remesh + retexture (5+10),20
P1,poseidon_apex_abysswalker_nereid,Abysswalker Nereid,Poseidon,Character,final,final,needs rig (humanoid: idle/walk/attack/hit/death),NEEDS summon + death VFX (generic burst today),30810,,staging/meshy/batch-04b-alpha-img2-3d/poseidon_apex_abysswalker_nereid.glb,01a0f204-f31b-7308-b5a3-19cb710037ed; 01a0f219-ef0e-748a-b89a-8798cfd7f12f,desolate-tuba/characters,no rig/clips,,20
P1,poseidon_apex_atlantis_tide_sovereign,Atlantis Tide Sovereign,Poseidon,Character,final,final,needs rig (humanoid: idle/walk/attack/hit/death),NEEDS summon + death VFX (generic burst today),29478,,staging/meshy/batch-04b-alpha-img2-3d/poseidon_apex_atlantis_tide_sovereign.glb,01a0f202-11b0-7774-b4c2-a44e011557e2; 01a0f217-01bb-75ce-93ce-91c7e33d5f6f,desolate-tuba/characters,no rig/clips,,20
P1,poseidon_apex_kraken_prime_avatar,Kraken Prime Avatar,Poseidon,Character,"interim (imported, off-style/held)",held/off-style,needs rig (non-humanoid),NEEDS summon + death VFX (generic burst today),31232,,staging/meshy/batch-02-apex-units/poseidon_apex_kraken_prime_avatar.glb,not recorded,desolate-tuba/characters,"batch-02 text-to-3D, STYLE_REVIEW off-style (classical fantasy); no rig/clips",regenerate from DT art,55
P1+P2,poseidon_delphic_sonar_adept,Delphic Sonar Adept,Poseidon,Character,final,final,needs rig (humanoid: idle/walk/attack/hit/death),NEEDS summon + death VFX (generic burst today),567766,YES,staging/meshy/batch-07-poseidon-humans-lite/textured/poseidon_delphic_sonar_adept.glb,01a0f965-7a10-7226-85cc-9a52b3c9110d; 01a0fa6d-6be8… (prefix),desolate-tuba/characters,over 60K tris (not remeshed); no rig/clips,local Blender decimate to ~30K keeping UVs (0 credits) or Meshy remesh + retexture (5+10),20
P1+P2,poseidon_fast_razorfin_lancer,Razorfin Lancer,Poseidon,Character,final,final,needs rig (humanoid: idle/walk/attack/hit/death),NEEDS summon + death VFX (generic burst today),189382,YES,staging/meshy/batch-07-poseidon-humans-lite/textured/poseidon_fast_razorfin_lancer.glb,01a0f966-60b9-7509-a611-d02d758dd8a6; 01a0fa67-c6f5… (prefix),desolate-tuba/characters,over 60K tris (not remeshed); no rig/clips,local Blender decimate to ~30K keeping UVs (0 credits) or Meshy remesh + retexture (5+10),20
P1,poseidon_keyword_abyssal_leviathan,Abyssal Leviathan,Poseidon,Character,"interim (imported, off-style/held)",held/off-style,needs rig (non-humanoid),NEEDS summon + death VFX (generic burst today),31310,,staging/meshy/batch-02-apex-units/poseidon_keyword_abyssal_leviathan.glb,not recorded,desolate-tuba/characters,"batch-02 text-to-3D, off-style; no rig/clips",regenerate from DT art,55
P1+P2,poseidon_keyword_breakwater_hoplite,Breakwater Hoplite,Poseidon,Character,final,final,needs rig (humanoid: idle/walk/attack/hit/death),NEEDS summon + death VFX (generic burst today),246636,YES,staging/meshy/batch-07-poseidon-humans-lite/textured/poseidon_keyword_breakwater_hoplite.glb,01a0f962-b2b8-70e5-ac2d-fb2ce6f4a802; 01a0f963-96ae-72b0-a692-b044b7bba338,desolate-tuba/characters,over 60K tris (not remeshed); no rig/clips,local Blender decimate to ~30K keeping UVs (0 credits) or Meshy remesh + retexture (5+10),20
P1,poseidon_keyword_maelstrom_bulwark,Maelstrom Bulwark,Poseidon,Character,final,final,needs rig (humanoid: idle/walk/attack/hit/death),NEEDS summon + death VFX (generic burst today),31071,,staging/meshy/batch-04b-alpha-img2-3d/poseidon_keyword_maelstrom_bulwark.glb,01a0f20d-53ba-716d-ba79-b7914469903a; 01a0f21e-cd5e-764b-bd56-685dfee4d4e2,desolate-tuba/characters,no rig/clips,,20
P1,poseidon_keyword_reef_tunneler,Reef Tunneler,Poseidon,Character,final,final,needs rig (non-humanoid),NEEDS summon + death VFX (generic burst today),50516,,staging/meshy/batch-07-poseidon-humans-lite/textured/poseidon_keyword_reef_tunneler.glb,01a0f966-4374-75bd-bc62-dc9e6e0f23a5; 01a0fa69-9ef7… (prefix),desolate-tuba/characters,no rig/clips,,20
P1,poseidon_keyword_trench_stalker,Trench Stalker,Poseidon,Character,"interim (imported, off-style/held)",held/off-style,needs rig (humanoid: idle/walk/attack/hit/death),NEEDS summon + death VFX (generic burst today),31112,,staging/meshy/batch-03-rarity3-units/poseidon_keyword_trench_stalker.glb,not recorded,desolate-tuba/characters,"batch-03 text-to-3D, off-style; no rig/clips",regenerate from DT art,55
P1+P2,poseidon_kraken_tendril_drone,Kraken Tendril Drone,Poseidon,Character,final,final,needs rig (non-humanoid),NEEDS summon + death VFX (generic burst today),305236,YES,staging/meshy/batch-07-poseidon-humans-lite/textured/poseidon_kraken_tendril_drone.glb,01a0f965-9730-701b-8de7-8c51f3896816; 01a0fa6c-b6ba… (prefix),desolate-tuba/characters,over 60K tris (not remeshed); no rig/clips,local Blender decimate to ~30K keeping UVs (0 credits) or Meshy remesh + retexture (5+10),20
P1,poseidon_leviathan_wakeborn,Leviathan Wakeborn,Poseidon,Character,"interim (imported, off-style/held)",held/off-style,needs rig (non-humanoid),NEEDS summon + death VFX (generic burst today),10434,,staging/meshy/AI-052-poseidon_leviathan_wakeborn/textured/poseidon_leviathan_wakeborn_textured.glb,not recorded,desolate-tuba/characters,"AI-052 Meshy 6 text-to-3D (pre-style brief), never style-reviewed; no rig/clips",regenerate from DT art,55
P1+P2,poseidon_naiad_flowshaper,Naiad Flowshaper,Poseidon,Character,final,final,needs rig (humanoid: idle/walk/attack/hit/death),NEEDS summon + death VFX (generic burst today),476536,YES,staging/meshy/batch-07-poseidon-humans-lite/textured/poseidon_naiad_flowshaper.glb,01a0f965-ebbb-704c-8779-974fc3c14838; 01a0fa6c-00c2… (prefix),desolate-tuba/characters,over 60K tris (not remeshed); no rig/clips,local Blender decimate to ~30K keeping UVs (0 credits) or Meshy remesh + retexture (5+10),20
P1+P2,poseidon_nereid_current_rider,Nereid Current-Rider,Poseidon,Character,final,final,needs rig (humanoid: idle/walk/attack/hit/death),NEEDS summon + death VFX (generic burst today),116424,YES,staging/meshy/batch-07-poseidon-humans-lite/textured/poseidon_nereid_current_rider.glb,01a0f965-225c-772d-b62c-72b503364eed; 01a0fa6f-947a… (prefix),desolate-tuba/characters,over 60K tris (not remeshed); no rig/clips,local Blender decimate to ~30K keeping UVs (0 credits) or Meshy remesh + retexture (5+10),20
P1+P2,poseidon_oceanid_pressure_mage,Oceanid Pressure Mage,Poseidon,Character,final,final,needs rig (humanoid: idle/walk/attack/hit/death),NEEDS summon + death VFX (generic burst today),293460,YES,staging/meshy/batch-07-poseidon-humans-lite/textured/poseidon_oceanid_pressure_mage.glb,01a0f966-261d-7247-bfa5-23a3c917fdd7; 01a0fa6a-7f9c… (prefix),desolate-tuba/characters,over 60K tris (not remeshed); no rig/clips,local Blender decimate to ~30K keeping UVs (0 credits) or Meshy remesh + retexture (5+10),20
P1,poseidon_poseidons_trident_core,Poseidon's Trident Core,Poseidon,Character,"candidate (replacement downloaded, not imported)",imported: held/dark or provisional; replacement: compliant,"needs rig (humanoid: idle/walk/attack/hit/death); source GLB has PROVISIONAL Meshy rig, clips not imported",NEEDS summon + death VFX (generic burst today),30952,,staging/meshy/batch-03-rarity3-units/rigged/poseidon_poseidons_trident_core.glb,01a0ef26-f220-7249-aa29-f0afdb6b2f1f (rig),desolate-tuba/characters,promote staged replacement; no rig/clips,"batch-04b static, token in playtest/sp1-models-candidates-2026-10-08",20
P1+P2,poseidon_reefline_defender,Reefline Defender,Poseidon,Character,final,final,needs rig (humanoid: idle/walk/attack/hit/death),NEEDS summon + death VFX (generic burst today),499164,YES,staging/meshy/batch-07-poseidon-humans-lite/textured/poseidon_reefline_defender.glb,01a0f965-3f99-710d-84f3-79881f02d966; 01a0fa6e-dbe8… (prefix),desolate-tuba/characters,over 60K tris (not remeshed); no rig/clips,local Blender decimate to ~30K keeping UVs (0 credits) or Meshy remesh + retexture (5+10),20
P1,poseidon_sharp_tidewall_harpooner,Tidewall Harpooner,Poseidon,Character,final,final,needs rig (humanoid: idle/walk/attack/hit/death),NEEDS summon + death VFX (generic burst today),29132,,staging/meshy/batch-04b-alpha-img2-3d/poseidon_sharp_tidewall_harpooner.glb,01a0f20b-24a4-746d-b56f-5f69d2b6245e; 01a0f21c-d60b-7123-b6eb-14344bc6316e,desolate-tuba/characters,no rig/clips,,20
P1,poseidon_siege_kraken_sapper,Kraken Sapper,Poseidon,Character,"interim (imported, off-style/held)",held/off-style,needs rig (non-humanoid),NEEDS summon + death VFX (generic burst today),30990,,staging/meshy/batch-03-rarity3-units/poseidon_siege_kraken_sapper.glb,not recorded,desolate-tuba/characters,"batch-03 text-to-3D, off-style; no rig/clips",regenerate from DT art,55
P1+P2,poseidon_tidepool_surveyor,Tidepool Surveyor,Poseidon,Character,final,final,needs rig (humanoid: idle/walk/attack/hit/death),NEEDS summon + death VFX (generic burst today),233314,YES,staging/meshy/batch-07-poseidon-humans-lite/textured/poseidon_tidepool_surveyor.glb,01a0f965-051a-7792-890b-d81a677de3bd; 01a0fa70-3dce… (prefix),desolate-tuba/characters,over 60K tris (not remeshed); no rig/clips,local Blender decimate to ~30K keeping UVs (0 credits) or Meshy remesh + retexture (5+10),20
P1+P2,poseidon_triton_waveguard,Triton Waveguard,Poseidon,Character,final,final,needs rig (humanoid: idle/walk/attack/hit/death),NEEDS summon + death VFX (generic burst today),289702,YES,staging/meshy/batch-07-poseidon-humans-lite/textured/poseidon_triton_waveguard.glb,01a0f964-b1f6-70e2-8579-ad0bcb0aeeff; 01a0fa71-3787… (prefix),desolate-tuba/characters,over 60K tris (not remeshed); no rig/clips,local Blender decimate to ~30K keeping UVs (0 credits) or Meshy remesh + retexture (5+10),20
P1+P2,poseidon_undertow_stalker,Undertow Stalker,Poseidon,Character,final,final,needs rig (humanoid: idle/walk/attack/hit/death),NEEDS summon + death VFX (generic burst today),146630,YES,staging/meshy/batch-07-poseidon-humans-lite/textured/poseidon_undertow_stalker.glb,01a0f965-5cb9-713e-91b8-4976c098c287; 01a0fa6e-26fc… (prefix),desolate-tuba/characters,over 60K tris (not remeshed); no rig/clips,local Blender decimate to ~30K keeping UVs (0 credits) or Meshy remesh + retexture (5+10),20
P1,zeus_ability_skyline_seer,Skyline Seer,Zeus,Character,final,final,needs rig (humanoid: idle/walk/attack/hit/death),NEEDS summon + death VFX (generic burst today),29572,,staging/meshy/batch-04b-alpha-img2-3d/zeus_ability_skyline_seer.glb,01a0f1ff-dccc-74af-8005-f8f4e6fa6ced; 01a0f211-e0ce-72e2-9930-3756125c3121; 01a0f229-f9ae-7171-8285-af5cabcce152; 01a0f427-939f-75f6-8484-9b0bfdd5a4ca,desolate-tuba/characters,no rig/clips,,20
P1,zeus_aegis_airguard,Aegis Airguard,Zeus,Character,final,final,needs rig (humanoid: idle/walk/attack/hit/death),NEEDS summon + death VFX (generic burst today),30778,,staging/meshy/batch-04c-zeus-humans-desolate-tuba/zeus_aegis_airguard.glb,not recorded,desolate-tuba/characters,no rig/clips,,20
P1,zeus_apex_keraunos_seraph,Keraunos Seraph,Zeus,Character,final,final,needs rig (humanoid: idle/walk/attack/hit/death),NEEDS summon + death VFX (generic burst today),30394,,staging/meshy/zeus-white-blue-gold-pilot/zeus_apex_keraunos_seraph.glb,not recorded,desolate-tuba/characters,no rig/clips,,20
P1,zeus_apex_olympian_storm_titan,Olympian Storm Titan,Zeus,Character,"candidate (replacement downloaded, not imported)",imported: held/dark or provisional; replacement: compliant,"needs rig (humanoid: idle/walk/attack/hit/death); source GLB has Meshy rig that FAILED preview, clips not imported",NEEDS summon + death VFX (generic burst today),31553,,staging/meshy/batch-04-alpha-img2-3d/rigged/zeus_apex_olympian_storm_titan.glb,01a0ecc3-58e5-713d-9cbe-3b8889eca673; 01a0eb14-9aef-7631-b76d-53a014ac3a03; 01a0ecbd-4fb2-70ab-a902-9a2a2fcdc26e; 01a0ef12-167d-763a-9650-b10b15bd3850,desolate-tuba/characters,promote staged replacement; no rig/clips,"batch-04d + spear trim, token in playtest/sp1-models-candidates-2026-10-08 (Thalia palette PASS)",20
P1,zeus_apex_skyfather_archon,Skyfather Archon,Zeus,Character,"interim (imported, off-style/held)",held/off-style,needs rig (humanoid: idle/walk/attack/hit/death),NEEDS summon + death VFX (generic burst today),30989,,staging/meshy/batch-04-alpha-img2-3d/zeus_apex_skyfather_archon.glb,01a0ecc9-1144-7513-8e10-43a018ffb68d,desolate-tuba/characters,held black/gold (51% dark texels in imported BaseColor); robed-wizard silhouette drift; no rig/clips,regenerate from DT art,55
P1,zeus_arc_relay_scout,Arc Relay Scout,Zeus,Character,final,final,needs rig (humanoid: idle/walk/attack/hit/death),NEEDS summon + death VFX (generic burst today),30706,,staging/meshy/batch-04c-zeus-humans-desolate-tuba/zeus_arc_relay_scout.glb,not recorded,desolate-tuba/characters,no rig/clips,,20
P1,zeus_boltwing_cavalier,Boltwing Cavalier,Zeus,Character,final,final,needs rig (non-humanoid),NEEDS summon + death VFX (generic burst today),30060,,staging/meshy/batch-04c-zeus-humans-desolate-tuba/zeus_boltwing_cavalier.glb,not recorded,desolate-tuba/characters,no rig/clips,,20
P1,zeus_cloudline_courier,Cloudline Courier,Zeus,Character,final,final,needs rig (humanoid: idle/walk/attack/hit/death),NEEDS summon + death VFX (generic burst today),30864,,staging/meshy/batch-04c-zeus-humans-desolate-tuba/zeus_cloudline_courier.glb,not recorded,desolate-tuba/characters,no rig/clips,,20
P1,zeus_cyclone_marksman,Cyclone Marksman,Zeus,Character,final,final,needs rig (humanoid: idle/walk/attack/hit/death),NEEDS summon + death VFX (generic burst today),29908,,staging/meshy/batch-04c-zeus-humans-desolate-tuba/zeus_cyclone_marksman.glb,not recorded,desolate-tuba/characters,no rig/clips,,20
P1,zeus_eagle_of_the_high_grid,Eagle of the High Grid,Zeus,Character,"interim (imported, off-style/held)",held/off-style,needs rig (non-humanoid),NEEDS summon + death VFX (generic burst today),30127,,staging/meshy/batch-04-alpha-img2-3d/zeus_eagle_of_the_high_grid.glb,01a0eccc-f728-7299-83ca-6afc1e8950c9,desolate-tuba/characters,held gold/black texture; non-humanoid scale policy open; no rig/clips,"retexture existing 04 geometry (text input, Zeus palette)",30
P1,zeus_fast_tempest_duelist,Tempest Duelist,Zeus,Character,final,final,needs rig (humanoid: idle/walk/attack/hit/death),NEEDS summon + death VFX (generic burst today),30960,,staging/meshy/batch-04c-zeus-humans-desolate-tuba/zeus_fast_tempest_duelist.glb,not recorded,desolate-tuba/characters,no rig/clips,,20
P1,zeus_hera_protocol_warden,Hera Protocol Warden,Zeus,Character,final,final,needs rig (humanoid: idle/walk/attack/hit/death),NEEDS summon + death VFX (generic burst today),30024,,staging/meshy/batch-04c-zeus-humans-desolate-tuba/zeus_hera_protocol_warden.glb,not recorded,desolate-tuba/characters,no rig/clips,,20
P1,zeus_iris_signal_runner,Iris Signal Runner,Zeus,Character,final,final,needs rig (humanoid: idle/walk/attack/hit/death),NEEDS summon + death VFX (generic burst today),30910,,staging/meshy/batch-04c-zeus-humans-desolate-tuba/zeus_iris_signal_runner.glb,not recorded,desolate-tuba/characters,no rig/clips,,20
P1,zeus_keraunos_prime,Keraunos Prime,Zeus,Character,"candidate (replacement downloaded, not imported)",imported: held/dark or provisional; replacement: compliant,"needs rig (humanoid: idle/walk/attack/hit/death); source GLB has Meshy rig that FAILED preview, clips not imported",NEEDS summon + death VFX (generic burst today),30520,,staging/meshy/batch-04-alpha-img2-3d/rigged/zeus_keraunos_prime.glb,01a0ecca-6d40-7044-8862-cc9434c84c1b; 01a0eb15-6540-7684-ba32-04089dbeb3d6; 01a0ecbf-c08e-7336-932a-ea50f172f45d; 01a0ef19-8bba-72aa-a638-057ae6c78e4f,desolate-tuba/characters,promote staged replacement; no rig/clips,"batch-04d, token in playtest/sp1-models-candidates-2026-10-08 (Thalia palette PASS)",20
P1,zeus_keyword_aetherbolt_avatar,Aetherbolt Avatar,Zeus,Character,final,final,needs rig (non-humanoid),NEEDS summon + death VFX (generic burst today),30836,,staging/meshy/batch-04d-zeus-held-desolate-tuba/zeus_keyword_aetherbolt_avatar.glb,01a0f6eb-8bf8-75c4-af80-5066e40f53ec; 01a0f6f1-0719-75a8-9912-74e6ebcb0617; 01a0f702-e2b0-7242-b0fb-e0cb88ecab6f,desolate-tuba/characters,no rig/clips,,20
P1,zeus_keyword_cloudline_raider,Cloudline Raider,Zeus,Character,final,final,needs rig (humanoid: idle/walk/attack/hit/death),NEEDS summon + death VFX (generic burst today),30936,,staging/meshy/batch-04d-zeus-held-desolate-tuba/zeus_keyword_cloudline_raider.glb,01a0f6eb-e8b7-7384-87e8-fcb3be354678; 01a0f6f3-6e55-7075-bd8b-cef3def4b709; 01a0f705-431b-70aa-bcff-8cc1dab6ab10,desolate-tuba/characters,no rig/clips,,20
P1,zeus_keyword_sparkstep_runner,Sparkstep Runner,Zeus,Character,final,final,needs rig (humanoid: idle/walk/attack/hit/death),NEEDS summon + death VFX (generic burst today),30976,,staging/meshy/batch-04c-zeus-humans-desolate-tuba/zeus_keyword_sparkstep_runner.glb,not recorded,desolate-tuba/characters,no rig/clips,,20
P1,zeus_keyword_stormgate_sentinel,Stormgate Sentinel,Zeus,Character,final,final,needs rig (humanoid: idle/walk/attack/hit/death),NEEDS summon + death VFX (generic burst today),30726,,staging/meshy/batch-04c-zeus-humans-desolate-tuba/zeus_keyword_stormgate_sentinel.glb,not recorded,desolate-tuba/characters,no rig/clips,,20
P1,zeus_keyword_thunderhead_guardian,Thunderhead Guardian,Zeus,Character,final,final,needs rig (humanoid: idle/walk/attack/hit/death),NEEDS summon + death VFX (generic burst today),31052,,staging/meshy/batch-04d-zeus-held-desolate-tuba/zeus_keyword_thunderhead_guardian.glb,01a0f6ec-3acd-7357-a5c7-d3b4fd834cad; 01a0f6f6-08b7-746a-b196-8e47bcd69133; 01a0f70a-89a2-7288-946d-c7e3cdf5aec8,desolate-tuba/characters,no rig/clips,,20
P1,zeus_sharp_aether_spotter,Aether Spotter,Zeus,Character,final,final,needs rig (humanoid: idle/walk/attack/hit/death),NEEDS summon + death VFX (generic burst today),29624,,staging/meshy/batch-04d-zeus-held-desolate-tuba/zeus_sharp_aether_spotter.glb,01a0f6ec-def8-7778-a48e-d453b6e98d0a; 01a0f6fd-caa3-7492-a5a5-07fee71d2f68; 01a0f70f-8cf5-713f-a0fb-b76d55737061,desolate-tuba/characters,no rig/clips,,20
P1,zeus_siege_thunder_ram,Thunder Ram,Zeus,Character,"candidate (replacement downloaded, not imported)",imported: held/dark or provisional; replacement: compliant,needs rig (non-humanoid),NEEDS summon + death VFX (generic burst today),9936,,staging/meshy/AI-052-zeus_siege_thunder_ram/textured/zeus_siege_thunder_ram_textured.glb,not recorded,desolate-tuba/characters,promote staged replacement; no rig/clips,batch-04b zeus_siege_thunder_ram.cleaned.glb (white/gold retexture 01a0f429-9f62-713c-8bd3-bc19249e37f1); baseline imports the dark AI-052 text-to-3D version,20
P1,zeus_stormgate_adept,Stormgate Adept,Zeus,Character,final,final,needs rig (humanoid: idle/walk/attack/hit/death),NEEDS summon + death VFX (generic burst today),30596,,staging/meshy/batch-04c-zeus-humans-desolate-tuba/zeus_stormgate_adept.glb,not recorded,desolate-tuba/characters,no rig/clips,,20
P1,zeus_tempest_oracle,Tempest Oracle,Zeus,Character,final,final,needs rig (humanoid: idle/walk/attack/hit/death),NEEDS summon + death VFX (generic burst today),30874,,staging/meshy/batch-04c-zeus-humans-desolate-tuba/zeus_tempest_oracle.glb,not recorded,desolate-tuba/characters,no rig/clips,,20
P1,zeus_thunderhead_skirmisher,Thunderhead Skirmisher,Zeus,Character,final,final,needs rig (humanoid: idle/walk/attack/hit/death),NEEDS summon + death VFX (generic burst today),31434,,staging/meshy/batch-04c-zeus-humans-desolate-tuba/zeus_thunderhead_skirmisher.glb,not recorded,desolate-tuba/characters,no rig/clips,,20
P2,poseidon_capital_abyssal_court,Abyssal Court,Poseidon,Capital,"interim (imported, off-style/held)",held/off-style,static by design,NEEDS build-up summon + collapse death (generic burst today),29638,,staging/meshy/batch-01-capitals/poseidon_capital_abyssal_court.glb,not recorded,desolate-tuba/capitals,"batch-01 text-to-3D, off-style",regenerate from DT art,35
P2,poseidon_capital_atlantis_nexus,Atlantis Nexus,Poseidon,Capital,"interim (imported, off-style/held)",held/off-style,static by design,NEEDS build-up summon + collapse death (generic burst today),30764,,staging/meshy/batch-01-capitals/poseidon_capital_atlantis_nexus.glb,not recorded,desolate-tuba/capitals,"batch-01 text-to-3D, off-style",regenerate from DT art,35
P2,poseidon_capital_trident_bastion,Trident Bastion,Poseidon,Capital,"interim (imported, off-style/held)",held/off-style,static by design,NEEDS build-up summon + collapse death (generic burst today),30516,,staging/meshy/batch-01-capitals/poseidon_capital_trident_bastion.glb,not recorded,desolate-tuba/capitals,"batch-01 text-to-3D, off-style",regenerate from DT art,35
P3,poseidon_apex_maelstrom_verdict,Maelstrom Verdict,Poseidon,Spell,none (effect by design),n/a,n/a (no board piece),NEEDS unique cast + impact VFX (today: generic faction SpellBurst),,,,,desolate-tuba/spells,cast/impact VFX,Unity particle/shader work from DT spell art; 0 Meshy credits,0
P3,poseidon_crushing_depths,Crushing Depths,Poseidon,Spell,none (effect by design),n/a,n/a (no board piece),NEEDS unique cast + impact VFX (today: generic faction SpellBurst),,,,,desolate-tuba/spells,cast/impact VFX,Unity particle/shader work from DT spell art; 0 Meshy credits,0
P3,poseidon_erode_foundation,Erode Foundation,Poseidon,Spell,none (effect by design),n/a,n/a (no board piece),NEEDS unique cast + impact VFX (today: generic faction SpellBurst),,,,,desolate-tuba/spells,cast/impact VFX,Unity particle/shader work from DT spell art; 0 Meshy credits,0
P3,poseidon_restorative_tide,Restorative Tide,Poseidon,Spell,none (effect by design),n/a,n/a (no board piece),NEEDS unique cast + impact VFX (today: generic faction SpellBurst),,,,,desolate-tuba/spells,cast/impact VFX,Unity particle/shader work from DT spell art; 0 Meshy credits,0
P3,poseidon_tidal_armor,Tidal Armor,Poseidon,Spell,none (effect by design),n/a,n/a (no board piece),NEEDS unique cast + impact VFX (today: generic faction SpellBurst),,,,,desolate-tuba/spells,cast/impact VFX,Unity particle/shader work from DT spell art; 0 Meshy credits,0
P3,poseidon_undertow_recall,Undertow Recall,Poseidon,Spell,none (effect by design),n/a,n/a (no board piece),NEEDS unique cast + impact VFX (today: generic faction SpellBurst),,,,,desolate-tuba/spells,cast/impact VFX,Unity particle/shader work from DT spell art; 0 Meshy credits,0
P3,zeus_aegis_of_the_sky,Aegis of the Sky,Zeus,Spell,none (effect by design),n/a,n/a (no board piece),NEEDS unique cast + impact VFX (today: generic faction SpellBurst),,,,,desolate-tuba/spells,cast/impact VFX,Unity particle/shader work from DT spell art; 0 Meshy credits,0
P3,zeus_apex_crownstorm_ascendance,Crownstorm Ascendance,Zeus,Spell,none (effect by design),n/a,n/a (no board piece),NEEDS unique cast + impact VFX (today: generic faction SpellBurst),,,,,desolate-tuba/spells,cast/impact VFX,Unity particle/shader work from DT spell art; 0 Meshy credits,0
P3,zeus_apex_divine_tailwind,Divine Tailwind,Zeus,Spell,none (effect by design),n/a,n/a (no board piece),NEEDS unique cast + impact VFX (today: generic faction SpellBurst),,,,,desolate-tuba/spells,cast/impact VFX,Unity particle/shader work from DT spell art; 0 Meshy credits,0
P3,zeus_apex_imperial_sky_aegis,Imperial Sky Aegis,Zeus,Spell,none (effect by design),n/a,n/a (no board piece),NEEDS unique cast + impact VFX (today: generic faction SpellBurst),,,,,desolate-tuba/spells,cast/impact VFX,Unity particle/shader work from DT spell art; 0 Meshy credits,0
P3,zeus_apex_thunder_gods_verdict,Thunder God's Verdict,Zeus,Spell,none (effect by design),n/a,n/a (no board piece),NEEDS unique cast + impact VFX (today: generic faction SpellBurst),,,,,desolate-tuba/spells,cast/impact VFX,Unity particle/shader work from DT spell art; 0 Meshy credits,0
P3,zeus_apex_wrath_of_olympus,Wrath of Olympus,Zeus,Spell,none (effect by design),n/a,n/a (no board piece),NEEDS unique cast + impact VFX (today: generic faction SpellBurst),,,,,desolate-tuba/spells,cast/impact VFX,Unity particle/shader work from DT spell art; 0 Meshy credits,0
P3,zeus_chain_lightning,Chain Lightning,Zeus,Spell,none (effect by design),n/a,n/a (no board piece),NEEDS unique cast + impact VFX (today: generic faction SpellBurst),,,,,desolate-tuba/spells,cast/impact VFX,Unity particle/shader work from DT spell art; 0 Meshy credits,0
P3,zeus_skybreaker_bolt,Skybreaker Bolt,Zeus,Spell,none (effect by design),n/a,n/a (no board piece),NEEDS unique cast + impact VFX (today: generic faction SpellBurst),,,,,desolate-tuba/spells,cast/impact VFX,Unity particle/shader work from DT spell art; 0 Meshy credits,0
P3,zeus_stormcharge,Stormcharge,Zeus,Spell,none (effect by design),n/a,n/a (no board piece),NEEDS unique cast + impact VFX (today: generic faction SpellBurst),,,,,desolate-tuba/spells,cast/impact VFX,Unity particle/shader work from DT spell art; 0 Meshy credits,0
P3,zeus_windstep_protocol,Windstep Protocol,Zeus,Spell,none (effect by design),n/a,n/a (no board piece),NEEDS unique cast + impact VFX (today: generic faction SpellBurst),,,,,desolate-tuba/spells,cast/impact VFX,Unity particle/shader work from DT spell art; 0 Meshy credits,0
P4,ares_capital_iron_war_camp,Iron War Camp,Ares,Capital,none (faction not in runtime catalog),none,static by design,NEEDS summon + death VFX,,,,,desolate-tuba/capitals,model,image-to-3D,35
P4,ares_capital_red_citadel,Red Citadel,Ares,Capital,none (faction not in runtime catalog),none,static by design,NEEDS summon + death VFX,,,,,desolate-tuba/capitals,model,image-to-3D,35
P4,ares_capital_spearpoint_keep,Spearpoint Keep,Ares,Capital,none (faction not in runtime catalog),none,static by design,NEEDS summon + death VFX,,,,,desolate-tuba/capitals,model,image-to-3D,35
P4,ares_ability_gate_ravager,Gate Ravager,Ares,Character,none (faction not in runtime catalog),none,needs rig,NEEDS summon + death VFX,,,,,none,card art + model,"card art first (no DT/alpha art), then image-to-3D",55
P4,ares_apex_ares_godframe_unbound,Ares Godframe Unbound,Ares,Character,none (faction not in runtime catalog),none,needs rig,NEEDS summon + death VFX,,,,,none,card art + model,"card art first (no DT/alpha art), then image-to-3D",55
P4,ares_apex_deimos_cataclysm_rider,Deimos Cataclysm Rider,Ares,Character,none (faction not in runtime catalog),none,needs rig,NEEDS summon + death VFX,,,,,none,card art + model,"card art first (no DT/alpha art), then image-to-3D",55
P4,ares_apex_enyo_citybreaker,Enyo Citybreaker,Ares,Character,none (faction not in runtime catalog),none,needs rig,NEEDS summon + death VFX,,,,,none,card art + model,"card art first (no DT/alpha art), then image-to-3D",55
P4,ares_apex_phobos_terror_titan,Phobos Terror Titan,Ares,Character,none (faction not in runtime catalog),none,needs rig,NEEDS summon + death VFX,,,,,none,card art + model,"card art first (no DT/alpha art), then image-to-3D",55
P4,ares_apex_spartan_last_vanguard,Spartan Last Vanguard,Ares,Character,none (faction not in runtime catalog),none,needs rig,NEEDS summon + death VFX,,,,,none,card art + model,"card art first (no DT/alpha art), then image-to-3D",55
P4,ares_ares_avatar_of_war,Ares Avatar of War,Ares,Character,none (faction not in runtime catalog),none,needs rig,NEEDS summon + death VFX,,,,,none,card art + model,"card art first (no DT/alpha art), then image-to-3D",55
P4,ares_ares_chariot_pilot,Ares Chariot Pilot,Ares,Character,none (faction not in runtime catalog),none,needs rig,NEEDS summon + death VFX,,,,,none,card art + model,"card art first (no DT/alpha art), then image-to-3D",55
P4,ares_bronze_arena_veteran,Bronze Arena Veteran,Ares,Character,none (faction not in runtime catalog),none,needs rig,NEEDS summon + death VFX,,,,,none,card art + model,"card art first (no DT/alpha art), then image-to-3D",55
P4,ares_deimos_raidbike,Deimos Raidbike,Ares,Character,none (faction not in runtime catalog),none,needs rig,NEEDS summon + death VFX,,,,,none,card art + model,"card art first (no DT/alpha art), then image-to-3D",55
P4,ares_enyo_demolitionist,Enyo Demolitionist,Ares,Character,none (faction not in runtime catalog),none,needs rig,NEEDS summon + death VFX,,,,,none,card art + model,"card art first (no DT/alpha art), then image-to-3D",55
P4,ares_eris_riot_engine,Eris Riot Engine,Ares,Character,none (faction not in runtime catalog),none,needs rig,NEEDS summon + death VFX,,,,,none,card art + model,"card art first (no DT/alpha art), then image-to-3D",55
P4,ares_fast_first_blood_champion,First-Blood Champion,Ares,Character,none (faction not in runtime catalog),none,needs rig,NEEDS summon + death VFX,,,,,none,card art + model,"card art first (no DT/alpha art), then image-to-3D",55
P4,ares_keyword_bloodshield_recruit,Bloodshield Recruit,Ares,Character,none (faction not in runtime catalog),none,needs rig,NEEDS summon + death VFX,,,,,none,card art + model,"card art first (no DT/alpha art), then image-to-3D",55
P4,ares_keyword_flashblade_skirmisher,Flashblade Gatecrasher,Ares,Character,none (faction not in runtime catalog),none,needs rig,NEEDS summon + death VFX,,,,,none,card art + model,"card art first (no DT/alpha art), then image-to-3D",55
P4,ares_keyword_phalanx_breaker,Phalanx Breaker,Ares,Character,none (faction not in runtime catalog),none,needs rig,NEEDS summon + death VFX,,,,,none,card art + model,"card art first (no DT/alpha art), then image-to-3D",55
P4,ares_keyword_titan_of_the_red_line,Titan of the Red Line,Ares,Character,none (faction not in runtime catalog),none,needs rig,NEEDS summon + death VFX,,,,,none,card art + model,"card art first (no DT/alpha art), then image-to-3D",55
P4,ares_keyword_warpath_telearch,Warpath Ram,Ares,Character,none (faction not in runtime catalog),none,needs rig,NEEDS summon + death VFX,,,,,none,card art + model,"card art first (no DT/alpha art), then image-to-3D",55
P4,ares_phobos_pursuer,Phobos Pursuer,Ares,Character,none (faction not in runtime catalog),none,needs rig,NEEDS summon + death VFX,,,,,none,card art + model,"card art first (no DT/alpha art), then image-to-3D",55
P4,ares_redline_recruit,Redline Recruit,Ares,Character,none (faction not in runtime catalog),none,needs rig,NEEDS summon + death VFX,,,,,none,card art + model,"card art first (no DT/alpha art), then image-to-3D",55
P4,ares_sharp_battlement_javelinist,Battlement Javelinist,Ares,Character,none (faction not in runtime catalog),none,needs rig,NEEDS summon + death VFX,,,,,none,card art + model,"card art first (no DT/alpha art), then image-to-3D",55
P4,ares_siege_bronze_gatecrasher,Bronze Gatecrasher,Ares,Character,none (faction not in runtime catalog),none,needs rig,NEEDS summon + death VFX,,,,,none,card art + model,"card art first (no DT/alpha art), then image-to-3D",55
P4,ares_spartan_exoframe,Spartan Exoframe,Ares,Character,none (faction not in runtime catalog),none,needs rig,NEEDS summon + death VFX,,,,,none,card art + model,"card art first (no DT/alpha art), then image-to-3D",55
P4,ares_spearwall_breaker,Spearwall Breaker,Ares,Character,none (faction not in runtime catalog),none,needs rig,NEEDS summon + death VFX,,,,,none,card art + model,"card art first (no DT/alpha art), then image-to-3D",55
P4,ares_titanblood_berserker,Titanblood Berserker,Ares,Character,none (faction not in runtime catalog),none,needs rig,NEEDS summon + death VFX,,,,,none,card art + model,"card art first (no DT/alpha art), then image-to-3D",55
P4,ares_warhound_assault_pack,Warhound Assault Pack,Ares,Character,none (faction not in runtime catalog),none,needs rig,NEEDS summon + death VFX,,,,,none,card art + model,"card art first (no DT/alpha art), then image-to-3D",55
P4,ares_ability_bloodied_ground,Bloodied Ground,Ares,Land,none (faction not in runtime catalog),none,static by design,NEEDS summon + death VFX,,,,,none,card art + model,"card art first (no DT/alpha art), then image-to-3D",20
P4,ares_apex_endless_arena,Endless Arena,Ares,Land,none (faction not in runtime catalog),none,static by design,NEEDS summon + death VFX,,,,,none,card art + model,"card art first (no DT/alpha art), then image-to-3D",20
P4,ares_arena_of_burning_bronze,Arena of Burning Bronze,Ares,Land,none (faction not in runtime catalog),none,static by design,NEEDS summon + death VFX,,,,,none,card art + model,"card art first (no DT/alpha art), then image-to-3D",20
P4,ares_crimson_training_yard,Crimson Training Yard,Ares,Land,none (faction not in runtime catalog),none,static by design,NEEDS summon + death VFX,,,,,none,card art + model,"card art first (no DT/alpha art), then image-to-3D",20
P4,ares_land_conquerors_divide,Conqueror's Divide,Ares,Land,none (faction not in runtime catalog),none,static by design,NEEDS summon + death VFX,,,,,none,card art + model,"card art first (no DT/alpha art), then image-to-3D",20
P4,ares_land_iron_standard_province,Iron-Standard Province,Ares,Land,none (faction not in runtime catalog),none,static by design,NEEDS summon + death VFX,,,,,none,card art + model,"card art first (no DT/alpha art), then image-to-3D",20
P4,ares_land_muster_field,Muster Field,Ares,Land,none (faction not in runtime catalog),none,static by design,NEEDS summon + death VFX,,,,,none,card art + model,"card art first (no DT/alpha art), then image-to-3D",20
P4,ares_land_red_dust_march,Red Dust March,Ares,Land,none (faction not in runtime catalog),none,static by design,NEEDS summon + death VFX,,,,,none,card art + model,"card art first (no DT/alpha art), then image-to-3D",20
P4,ares_phobos_launch_strip,Phobos Launch Strip,Ares,Land,none (faction not in runtime catalog),none,static by design,NEEDS summon + death VFX,,,,,none,card art + model,"card art first (no DT/alpha art), then image-to-3D",20
P4,ares_warforge_front,Warforge Front,Ares,Land,none (faction not in runtime catalog),none,static by design,NEEDS summon + death VFX,,,,,none,card art + model,"card art first (no DT/alpha art), then image-to-3D",20
P4,ares_apex_champions_refusal,Champion's Refusal,Ares,Spell,none (effect by design),n/a,n/a,NEEDS cast + impact VFX,,,,,none,VFX only,"card art first (no DT/alpha art), then VFX",0
P4,ares_apex_no_safe_ground,No Safe Ground,Ares,Spell,none (effect by design),n/a,n/a,NEEDS cast + impact VFX,,,,,none,VFX only,"card art first (no DT/alpha art), then VFX",0
P4,ares_apex_total_war,Total War,Ares,Spell,none (effect by design),n/a,n/a,NEEDS cast + impact VFX,,,,,none,VFX only,"card art first (no DT/alpha art), then VFX",0
P4,ares_blood_frenzy,Blood Frenzy,Ares,Spell,none (effect by design),n/a,n/a,NEEDS cast + impact VFX,,,,,none,VFX only,"card art first (no DT/alpha art), then VFX",0
P4,ares_defiant_roar,Defiant Roar,Ares,Spell,none (effect by design),n/a,n/a,NEEDS cast + impact VFX,,,,,none,VFX only,"card art first (no DT/alpha art), then VFX",0
P4,ares_forced_march,Forced March,Ares,Spell,none (effect by design),n/a,n/a,NEEDS cast + impact VFX,,,,,none,VFX only,"card art first (no DT/alpha art), then VFX",0
P4,ares_siege_fury,Siege Fury,Ares,Spell,none (effect by design),n/a,n/a,NEEDS cast + impact VFX,,,,,none,VFX only,"card art first (no DT/alpha art), then VFX",0
P4,ares_spear_volley,Spear Volley,Ares,Spell,none (effect by design),n/a,n/a,NEEDS cast + impact VFX,,,,,none,VFX only,"card art first (no DT/alpha art), then VFX",0
P4,ares_ability_war_drum,War-Drum Tower,Ares,Structure,none (faction not in runtime catalog),none,static by design,NEEDS summon + death VFX,,,,,none,card art + model,"card art first (no DT/alpha art), then image-to-3D",35
P4,ares_apex_siege_god_arsenal,Siege God Arsenal,Ares,Structure,none (faction not in runtime catalog),none,static by design,NEEDS summon + death VFX,,,,,none,card art + model,"card art first (no DT/alpha art), then image-to-3D",35
P4,ares_ares_siege_citadel,Ares Siege Citadel,Ares,Structure,none (faction not in runtime catalog),none,static by design,NEEDS summon + death VFX,,,,,none,card art + model,"card art first (no DT/alpha art), then image-to-3D",35
P4,ares_ballistic_shrine,Ballistic Shrine,Ares,Structure,none (faction not in runtime catalog),none,static by design,NEEDS summon + death VFX,,,,,none,card art + model,"card art first (no DT/alpha art), then image-to-3D",35
P4,ares_chariot_deployment_rack,Chariot Deployment Rack,Ares,Structure,none (faction not in runtime catalog),none,static by design,NEEDS summon + death VFX,,,,,none,card art + model,"card art first (no DT/alpha art), then image-to-3D",35
P4,ares_forward_barricade,Forward Barricade,Ares,Structure,none (faction not in runtime catalog),none,static by design,NEEDS summon + death VFX,,,,,none,card art + model,"card art first (no DT/alpha art), then image-to-3D",35
P4,ares_structure_campaign_forge,Campaign Forge,Ares,Structure,none (faction not in runtime catalog),none,static by design,NEEDS summon + death VFX,,,,,none,card art + model,"card art first (no DT/alpha art), then image-to-3D",35
P4,ares_structure_spoil_depot,Spoil Depot,Ares,Structure,none (faction not in runtime catalog),none,static by design,NEEDS summon + death VFX,,,,,none,card art + model,"card art first (no DT/alpha art), then image-to-3D",35
P4,ares_structure_triumph_foundry,Triumph Foundry,Ares,Structure,none (faction not in runtime catalog),none,static by design,NEEDS summon + death VFX,,,,,none,card art + model,"card art first (no DT/alpha art), then image-to-3D",35
P4,ares_structure_veterans_hall,Veterans' Hall,Ares,Structure,none (faction not in runtime catalog),none,static by design,NEEDS summon + death VFX,,,,,none,card art + model,"card art first (no DT/alpha art), then image-to-3D",35
P4,athena_capital_acropolis_command,Acropolis Command,Athena,Capital,none (faction not in runtime catalog),none,static by design,NEEDS summon + death VFX,,,,,desolate-tuba/capitals,model,image-to-3D,35
P4,athena_capital_aegis_archive,Aegis Archive,Athena,Capital,none (faction not in runtime catalog),none,static by design,NEEDS summon + death VFX,,,,,desolate-tuba/capitals,model,image-to-3D,35
P4,athena_capital_owlwatch_fortress,Owlwatch Fortress,Athena,Capital,none (faction not in runtime catalog),none,static by design,NEEDS summon + death VFX,,,,,desolate-tuba/capitals,model,image-to-3D,35
P4,athena_ability_highwall_archon,Highwall Archon,Athena,Character,none (faction not in runtime catalog),none,needs rig,NEEDS summon + death VFX,,,,,none,card art + model,"card art first (no DT/alpha art), then image-to-3D",55
P4,athena_aegis_prime_strategos,Aegis Prime Strategos,Athena,Character,none (faction not in runtime catalog),none,needs rig,NEEDS summon + death VFX,,,,,none,card art + model,"card art first (no DT/alpha art), then image-to-3D",55
P4,athena_apex_athena_strategic_avatar,Athena Strategic Avatar,Athena,Character,none (faction not in runtime catalog),none,needs rig,NEEDS summon + death VFX,,,,,none,card art + model,"card art first (no DT/alpha art), then image-to-3D",55
P4,athena_apex_medusa_countermeasure_prime,Medusa Countermeasure Prime,Athena,Character,none (faction not in runtime catalog),none,needs rig,NEEDS summon + death VFX,,,,,none,card art + model,"card art first (no DT/alpha art), then image-to-3D",55
P4,athena_apex_nike_victory_algorithm,Nike Victory Algorithm,Athena,Character,none (faction not in runtime catalog),none,needs rig,NEEDS summon + death VFX,,,,,none,card art + model,"card art first (no DT/alpha art), then image-to-3D",55
P4,athena_apex_owl_of_absolute_foresight,Owl of Absolute Foresight,Athena,Character,none (faction not in runtime catalog),none,needs rig,NEEDS summon + death VFX,,,,,none,card art + model,"card art first (no DT/alpha art), then image-to-3D",55
P4,athena_apex_pallas_aegis_eternal,Pallas Aegis Eternal,Athena,Character,none (faction not in runtime catalog),none,needs rig,NEEDS summon + death VFX,,,,,none,card art + model,"card art first (no DT/alpha art), then image-to-3D",55
P4,athena_athenas_grey_eyed_seer,Athena's Grey-Eyed Seer,Athena,Character,none (faction not in runtime catalog),none,needs rig,NEEDS summon + death VFX,,,,,none,card art + model,"card art first (no DT/alpha art), then image-to-3D",55
P4,athena_athenian_cadet,Athenian Cadet,Athena,Character,none (faction not in runtime catalog),none,needs rig,NEEDS summon + death VFX,,,,,none,card art + model,"card art first (no DT/alpha art), then image-to-3D",55
P4,athena_fast_counterstroke_adept,Counterstroke Adept,Athena,Character,none (faction not in runtime catalog),none,needs rig,NEEDS summon + death VFX,,,,,none,card art + model,"card art first (no DT/alpha art), then image-to-3D",55
P4,athena_grid_tactician,Grid Tactician,Athena,Character,none (faction not in runtime catalog),none,needs rig,NEEDS summon + death VFX,,,,,none,card art + model,"card art first (no DT/alpha art), then image-to-3D",55
P4,athena_hoplon_formation_lead,Hoplon Formation Lead,Athena,Character,none (faction not in runtime catalog),none,needs rig,NEEDS summon + death VFX,,,,,none,card art + model,"card art first (no DT/alpha art), then image-to-3D",55
P4,athena_keyword_aegis_cadet,Aegis Cadet,Athena,Character,none (faction not in runtime catalog),none,needs rig,NEEDS summon + death VFX,,,,,none,card art + model,"card art first (no DT/alpha art), then image-to-3D",55
P4,athena_keyword_hidden_flank_scholar,High-Flank Scholar,Athena,Character,none (faction not in runtime catalog),none,needs rig,NEEDS summon + death VFX,,,,,none,card art + model,"card art first (no DT/alpha art), then image-to-3D",55
P4,athena_keyword_labyrinth_tactician,Labyrinth Marksman,Athena,Character,none (faction not in runtime catalog),none,needs rig,NEEDS summon + death VFX,,,,,none,card art + model,"card art first (no DT/alpha art), then image-to-3D",55
P4,athena_keyword_owlguard_strategos,Owlguard Strategos,Athena,Character,none (faction not in runtime catalog),none,needs rig,NEEDS summon + death VFX,,,,,none,card art + model,"card art first (no DT/alpha art), then image-to-3D",55
P4,athena_keyword_pallas_war_savant,Pallas War Savant,Athena,Character,none (faction not in runtime catalog),none,needs rig,NEEDS summon + death VFX,,,,,none,card art + model,"card art first (no DT/alpha art), then image-to-3D",55
P4,athena_medusa_pattern_analyst,Medusa Pattern Analyst,Athena,Character,none (faction not in runtime catalog),none,needs rig,NEEDS summon + death VFX,,,,,none,card art + model,"card art first (no DT/alpha art), then image-to-3D",55
P4,athena_nike_strategic_runner,Nike Strategic Runner,Athena,Character,none (faction not in runtime catalog),none,needs rig,NEEDS summon + death VFX,,,,,none,card art + model,"card art first (no DT/alpha art), then image-to-3D",55
P4,athena_owl_recon_unit,Owl Recon Unit,Athena,Character,none (faction not in runtime catalog),none,needs rig,NEEDS summon + death VFX,,,,,none,card art + model,"card art first (no DT/alpha art), then image-to-3D",55
P4,athena_owlwing_repositioner,Owlwing Repositioner,Athena,Character,none (faction not in runtime catalog),none,needs rig,NEEDS summon + death VFX,,,,,none,card art + model,"card art first (no DT/alpha art), then image-to-3D",55
P4,athena_pallas_counter_sniper,Pallas Counter-Sniper,Athena,Character,none (faction not in runtime catalog),none,needs rig,NEEDS summon + death VFX,,,,,none,card art + model,"card art first (no DT/alpha art), then image-to-3D",55
P4,athena_parthenon_sentinel,Parthenon Sentinel,Athena,Character,none (faction not in runtime catalog),none,needs rig,NEEDS summon + death VFX,,,,,none,card art + model,"card art first (no DT/alpha art), then image-to-3D",55
P4,athena_sharp_acropolis_marksman,Acropolis Marksman,Athena,Character,none (faction not in runtime catalog),none,needs rig,NEEDS summon + death VFX,,,,,none,card art + model,"card art first (no DT/alpha art), then image-to-3D",55
P4,athena_siege_geometry_breaker,Geometry Breaker,Athena,Character,none (faction not in runtime catalog),none,needs rig,NEEDS summon + death VFX,,,,,none,card art + model,"card art first (no DT/alpha art), then image-to-3D",55
P4,athena_silver_shield_drone,Silver Shield Drone,Athena,Character,none (faction not in runtime catalog),none,needs rig,NEEDS summon + death VFX,,,,,none,card art + model,"card art first (no DT/alpha art), then image-to-3D",55
P4,athena_ability_academy_gardens,Academy Gardens,Athena,Land,none (faction not in runtime catalog),none,static by design,NEEDS summon + death VFX,,,,,none,card art + model,"card art first (no DT/alpha art), then image-to-3D",20
P4,athena_academy_training_grid,Academy Training Grid,Athena,Land,none (faction not in runtime catalog),none,static by design,NEEDS summon + death VFX,,,,,none,card art + model,"card art first (no DT/alpha art), then image-to-3D",20
P4,athena_aegis_defensive_quarter,Aegis Defensive Quarter,Athena,Land,none (faction not in runtime catalog),none,static by design,NEEDS summon + death VFX,,,,,none,card art + model,"card art first (no DT/alpha art), then image-to-3D",20
P4,athena_apex_city_of_reason,City of Reason,Athena,Land,none (faction not in runtime catalog),none,static by design,NEEDS summon + death VFX,,,,,none,card art + model,"card art first (no DT/alpha art), then image-to-3D",20
P4,athena_land_academy_gardens,Academy Gardens,Athena,Land,none (faction not in runtime catalog),none,static by design,NEEDS summon + death VFX,,,,,none,card art + model,"card art first (no DT/alpha art), then image-to-3D",20
P4,athena_land_measured_terrace,Measured Terrace,Athena,Land,none (faction not in runtime catalog),none,static by design,NEEDS summon + death VFX,,,,,none,card art + model,"card art first (no DT/alpha art), then image-to-3D",20
P4,athena_land_oracles_province,Oracle's Province,Athena,Land,none (faction not in runtime catalog),none,static by design,NEEDS summon + death VFX,,,,,none,card art + model,"card art first (no DT/alpha art), then image-to-3D",20
P4,athena_land_strategists_domain,Strategist's Domain,Athena,Land,none (faction not in runtime catalog),none,static by design,NEEDS summon + death VFX,,,,,none,card art + model,"card art first (no DT/alpha art), then image-to-3D",20
P4,athena_owlwatch_promenade,Owlwatch Promenade,Athena,Land,none (faction not in runtime catalog),none,static by design,NEEDS summon + death VFX,,,,,none,card art + model,"card art first (no DT/alpha art), then image-to-3D",20
P4,athena_parthenon_data_court,Parthenon Data Court,Athena,Land,none (faction not in runtime catalog),none,static by design,NEEDS summon + death VFX,,,,,none,card art + model,"card art first (no DT/alpha art), then image-to-3D",20
P4,athena_aegis_restoration,Aegis Restoration,Athena,Spell,none (effect by design),n/a,n/a,NEEDS cast + impact VFX,,,,,none,VFX only,"card art first (no DT/alpha art), then VFX",0
P4,athena_apex_perfect_counterstroke,Perfect Counterstroke,Athena,Spell,none (effect by design),n/a,n/a,NEEDS cast + impact VFX,,,,,none,VFX only,"card art first (no DT/alpha art), then VFX",0
P4,athena_brace_formation,Brace Formation,Athena,Spell,none (effect by design),n/a,n/a,NEEDS cast + impact VFX,,,,,none,VFX only,"card art first (no DT/alpha art), then VFX",0
P4,athena_calculated_shot,Calculated Shot,Athena,Spell,none (effect by design),n/a,n/a,NEEDS cast + impact VFX,,,,,none,VFX only,"card art first (no DT/alpha art), then VFX",0
P4,athena_expose_structural_weakness,Expose Structural Weakness,Athena,Spell,none (effect by design),n/a,n/a,NEEDS cast + impact VFX,,,,,none,VFX only,"card art first (no DT/alpha art), then VFX",0
P4,athena_tactical_edge,Tactical Edge,Athena,Spell,none (effect by design),n/a,n/a,NEEDS cast + impact VFX,,,,,none,VFX only,"card art first (no DT/alpha art), then VFX",0
P4,athena_ability_council_tower,Council Tower,Athena,Structure,none (faction not in runtime catalog),none,static by design,NEEDS summon + death VFX,,,,,none,card art + model,"card art first (no DT/alpha art), then image-to-3D",35
P4,athena_aegis_projection_wall,Aegis Projection Wall,Athena,Structure,none (faction not in runtime catalog),none,static by design,NEEDS summon + death VFX,,,,,none,card art + model,"card art first (no DT/alpha art), then image-to-3D",35
P4,athena_apex_gorgon_reflection_wall,Gorgon Reflection Wall,Athena,Structure,none (faction not in runtime catalog),none,static by design,NEEDS summon + death VFX,,,,,none,card art + model,"card art first (no DT/alpha art), then image-to-3D",35
P4,athena_apex_parthenon_aegis_citadel,Parthenon Aegis Citadel,Athena,Structure,none (faction not in runtime catalog),none,static by design,NEEDS summon + death VFX,,,,,none,card art + model,"card art first (no DT/alpha art), then image-to-3D",35
P4,athena_apex_strategos_command_vault,Strategos Command Vault,Athena,Structure,none (faction not in runtime catalog),none,static by design,NEEDS summon + death VFX,,,,,none,card art + model,"card art first (no DT/alpha art), then image-to-3D",35
P4,athena_athena_strategy_core,Athena Strategy Core,Athena,Structure,none (faction not in runtime catalog),none,static by design,NEEDS summon + death VFX,,,,,none,card art + model,"card art first (no DT/alpha art), then image-to-3D",35
P4,athena_owlwatch_tower,Owlwatch Tower,Athena,Structure,none (faction not in runtime catalog),none,static by design,NEEDS summon + death VFX,,,,,none,card art + model,"card art first (no DT/alpha art), then image-to-3D",35
P4,athena_structure_civic_ledger,Civic Ledger,Athena,Structure,none (faction not in runtime catalog),none,static by design,NEEDS summon + death VFX,,,,,none,card art + model,"card art first (no DT/alpha art), then image-to-3D",35
P4,athena_structure_logistics_stoa,Logistics Stoa,Athena,Structure,none (faction not in runtime catalog),none,static by design,NEEDS summon + death VFX,,,,,none,card art + model,"card art first (no DT/alpha art), then image-to-3D",35
P4,athena_structure_owl_of_providence,Owl of Providence,Athena,Structure,none (faction not in runtime catalog),none,static by design,NEEDS summon + death VFX,,,,,none,card art + model,"card art first (no DT/alpha art), then image-to-3D",35
P4,athena_structure_panacea_annex,Panacea Annex,Athena,Structure,none (faction not in runtime catalog),none,static by design,NEEDS summon + death VFX,,,,,none,card art + model,"card art first (no DT/alpha art), then image-to-3D",35
P4,athena_tactical_relay_post,Tactical Relay Post,Athena,Structure,none (faction not in runtime catalog),none,static by design,NEEDS summon + death VFX,,,,,none,card art + model,"card art first (no DT/alpha art), then image-to-3D",35
P4,hades_capital_house_of_hades,House of Hades,Hades,Capital,none (faction not in runtime catalog),none,static by design,NEEDS summon + death VFX,,,,,desolate-tuba/capitals,model,image-to-3D,35
P4,hades_capital_styx_gate,Styx Gate,Hades,Capital,none (faction not in runtime catalog),none,static by design,NEEDS summon + death VFX,,,,,desolate-tuba/capitals,model,image-to-3D,35
P4,hades_capital_tartarus_vault,Tartarus Vault,Hades,Capital,none (faction not in runtime catalog),none,static by design,NEEDS summon + death VFX,,,,,desolate-tuba/capitals,model,image-to-3D,35
P4,hades_ability_graveflash,Graveflash Assassin,Hades,Character,none (faction not in runtime catalog),none,needs rig,NEEDS summon + death VFX,,,,,none,card art + model,"card art first (no DT/alpha art), then image-to-3D",55
P4,hades_apex_cerberus_omega,Cerberus Omega,Hades,Character,none (faction not in runtime catalog),none,needs rig,NEEDS summon + death VFX,,,,,none,card art + model,"card art first (no DT/alpha art), then image-to-3D",55
P4,hades_apex_persephone_underworld_queen,Persephone Underworld Queen,Hades,Character,none (faction not in runtime catalog),none,needs rig,NEEDS summon + death VFX,,,,,none,card art + model,"card art first (no DT/alpha art), then image-to-3D",55
P4,hades_apex_thanatos_final_form,Thanatos Final Form,Hades,Character,none (faction not in runtime catalog),none,needs rig,NEEDS summon + death VFX,,,,,none,card art + model,"card art first (no DT/alpha art), then image-to-3D",55
P4,hades_cerberus_gate_pup,Cerberus Gate Pup,Hades,Character,none (faction not in runtime catalog),none,needs rig,NEEDS summon + death VFX,,,,,none,card art + model,"card art first (no DT/alpha art), then image-to-3D",55
P4,hades_cerberus_tri_core,Cerberus Tri-Core,Hades,Character,none (faction not in runtime catalog),none,needs rig,NEEDS summon + death VFX,,,,,none,card art + model,"card art first (no DT/alpha art), then image-to-3D",55
P4,hades_erebus_sniper,Erebus Sniper,Hades,Character,none (faction not in runtime catalog),none,needs rig,NEEDS summon + death VFX,,,,,none,card art + model,"card art first (no DT/alpha art), then image-to-3D",55
P4,hades_fast_final_breath,Final Breath,Hades,Character,none (faction not in runtime catalog),none,needs rig,NEEDS summon + death VFX,,,,,none,card art + model,"card art first (no DT/alpha art), then image-to-3D",55
P4,hades_gravecode_collector,Gravecode Collector,Hades,Character,none (faction not in runtime catalog),none,needs rig,NEEDS summon + death VFX,,,,,none,card art + model,"card art first (no DT/alpha art), then image-to-3D",55
P4,hades_hades_black_crown,Hades Black Crown,Hades,Character,none (faction not in runtime catalog),none,needs rig,NEEDS summon + death VFX,,,,,none,card art + model,"card art first (no DT/alpha art), then image-to-3D",55
P4,hades_keyword_erebus_reaper,Erebus Reaper,Hades,Character,none (faction not in runtime catalog),none,needs rig,NEEDS summon + death VFX,,,,,none,card art + model,"card art first (no DT/alpha art), then image-to-3D",55
P4,hades_keyword_grave_skulker,Grave Skulker,Hades,Character,none (faction not in runtime catalog),none,needs rig,NEEDS summon + death VFX,,,,,none,card art + model,"card art first (no DT/alpha art), then image-to-3D",55
P4,hades_keyword_shade_ferryman,Shade Ferryman,Hades,Character,none (faction not in runtime catalog),none,needs rig,NEEDS summon + death VFX,,,,,none,card art + model,"card art first (no DT/alpha art), then image-to-3D",55
P4,hades_keyword_styx_burrower,Styx Burrower,Hades,Character,none (faction not in runtime catalog),none,needs rig,NEEDS summon + death VFX,,,,,none,card art + model,"card art first (no DT/alpha art), then image-to-3D",55
P4,hades_keyword_tartarus_colossus,Tartarus Colossus,Hades,Character,none (faction not in runtime catalog),none,needs rig,NEEDS summon + death VFX,,,,,none,card art + model,"card art first (no DT/alpha art), then image-to-3D",55
P4,hades_lethe_memory_thief,Lethe Memory Thief,Hades,Character,none (faction not in runtime catalog),none,needs rig,NEEDS summon + death VFX,,,,,none,card art + model,"card art first (no DT/alpha art), then image-to-3D",55
P4,hades_persephones_root_witch,Persephone's Root-Witch,Hades,Character,none (faction not in runtime catalog),none,needs rig,NEEDS summon + death VFX,,,,,none,card art + model,"card art first (no DT/alpha art), then image-to-3D",55
P4,hades_shade_packet,Shade Packet,Hades,Character,none (faction not in runtime catalog),none,needs rig,NEEDS summon + death VFX,,,,,none,card art + model,"card art first (no DT/alpha art), then image-to-3D",55
P4,hades_sharp_styx_overwatch,Styx Overwatch,Hades,Character,none (faction not in runtime catalog),none,needs rig,NEEDS summon + death VFX,,,,,none,card art + model,"card art first (no DT/alpha art), then image-to-3D",55
P4,hades_siege_tombbreaker,Tombbreaker,Hades,Character,none (faction not in runtime catalog),none,needs rig,NEEDS summon + death VFX,,,,,none,card art + model,"card art first (no DT/alpha art), then image-to-3D",55
P4,hades_stygian_reclaimer,Stygian Reclaimer,Hades,Character,none (faction not in runtime catalog),none,needs rig,NEEDS summon + death VFX,,,,,none,card art + model,"card art first (no DT/alpha art), then image-to-3D",55
P4,hades_styx_ferryman_drone,Styx Ferryman Drone,Hades,Character,none (faction not in runtime catalog),none,needs rig,NEEDS summon + death VFX,,,,,none,card art + model,"card art first (no DT/alpha art), then image-to-3D",55
P4,hades_thanatos_execution_frame,Thanatos Execution Frame,Hades,Character,none (faction not in runtime catalog),none,needs rig,NEEDS summon + death VFX,,,,,none,card art + model,"card art first (no DT/alpha art), then image-to-3D",55
P4,hades_underworld_colossus,Underworld Colossus,Hades,Character,none (faction not in runtime catalog),none,needs rig,NEEDS summon + death VFX,,,,,none,card art + model,"card art first (no DT/alpha art), then image-to-3D",55
P4,hades_ability_ashen_crossing,Ashen Crossing,Hades,Land,none (faction not in runtime catalog),none,static by design,NEEDS summon + death VFX,,,,,none,card art + model,"card art first (no DT/alpha art), then image-to-3D",20
P4,hades_apex_necropolis_root_server,Necropolis Root Server,Hades,Land,none (faction not in runtime catalog),none,static by design,NEEDS summon + death VFX,,,,,none,card art + model,"card art first (no DT/alpha art), then image-to-3D",20
P4,hades_asphodel_server_field,Asphodel Server Field,Hades,Land,none (faction not in runtime catalog),none,static by design,NEEDS summon + death VFX,,,,,none,card art + model,"card art first (no DT/alpha art), then image-to-3D",20
P4,hades_erebus_undercity,Erebus Undercity,Hades,Land,none (faction not in runtime catalog),none,static by design,NEEDS summon + death VFX,,,,,none,card art + model,"card art first (no DT/alpha art), then image-to-3D",20
P4,hades_gate_of_the_dead_grid,Gate of the Dead Grid,Hades,Land,none (faction not in runtime catalog),none,static by design,NEEDS summon + death VFX,,,,,none,card art + model,"card art first (no DT/alpha art), then image-to-3D",20
P4,hades_land_asphodel_lease,Asphodel Lease,Hades,Land,none (faction not in runtime catalog),none,static by design,NEEDS summon + death VFX,,,,,none,card art + model,"card art first (no DT/alpha art), then image-to-3D",20
P4,hades_land_erebus_claim,Erebus Claim,Hades,Land,none (faction not in runtime catalog),none,static by design,NEEDS summon + death VFX,,,,,none,card art + model,"card art first (no DT/alpha art), then image-to-3D",20
P4,hades_land_fields_beyond_styx,Fields Beyond Styx,Hades,Land,none (faction not in runtime catalog),none,static by design,NEEDS summon + death VFX,,,,,none,card art + model,"card art first (no DT/alpha art), then image-to-3D",20
P4,hades_land_unmarked_crossing,Unmarked Crossing,Hades,Land,none (faction not in runtime catalog),none,static by design,NEEDS summon + death VFX,,,,,none,card art + model,"card art first (no DT/alpha art), then image-to-3D",20
P4,hades_styx_transit_channel,Styx Transit Channel,Hades,Land,none (faction not in runtime catalog),none,static by design,NEEDS summon + death VFX,,,,,none,card art + model,"card art first (no DT/alpha art), then image-to-3D",20
P4,hades_apex_crown_of_the_unquiet,Crown of the Unquiet,Hades,Spell,none (effect by design),n/a,n/a,NEEDS cast + impact VFX,,,,,none,VFX only,"card art first (no DT/alpha art), then VFX",0
P4,hades_apex_erebus_null_shroud,Erebus Null Shroud,Hades,Spell,none (effect by design),n/a,n/a,NEEDS cast + impact VFX,,,,,none,VFX only,"card art first (no DT/alpha art), then VFX",0
P4,hades_apex_final_passage,Final Passage,Hades,Spell,none (effect by design),n/a,n/a,NEEDS cast + impact VFX,,,,,none,VFX only,"card art first (no DT/alpha art), then VFX",0
P4,hades_apex_lethe_absolute,Lethe Absolute,Hades,Spell,none (effect by design),n/a,n/a,NEEDS cast + impact VFX,,,,,none,VFX only,"card art first (no DT/alpha art), then VFX",0
P4,hades_apex_tomb_of_all_systems,Tomb of All Systems,Hades,Spell,none (effect by design),n/a,n/a,NEEDS cast + impact VFX,,,,,none,VFX only,"card art first (no DT/alpha art), then VFX",0
P4,hades_deathly_vigor,Deathly Vigor,Hades,Spell,none (effect by design),n/a,n/a,NEEDS cast + impact VFX,,,,,none,VFX only,"card art first (no DT/alpha art), then VFX",0
P4,hades_grave_pressure,Grave Pressure,Hades,Spell,none (effect by design),n/a,n/a,NEEDS cast + impact VFX,,,,,none,VFX only,"card art first (no DT/alpha art), then VFX",0
P4,hades_lethes_embrace,Lethe's Embrace,Hades,Spell,none (effect by design),n/a,n/a,NEEDS cast + impact VFX,,,,,none,VFX only,"card art first (no DT/alpha art), then VFX",0
P4,hades_shroud_of_erebus,Shroud of Erebus,Hades,Spell,none (effect by design),n/a,n/a,NEEDS cast + impact VFX,,,,,none,VFX only,"card art first (no DT/alpha art), then VFX",0
P4,hades_soul_sever,Soul Sever,Hades,Spell,none (effect by design),n/a,n/a,NEEDS cast + impact VFX,,,,,none,VFX only,"card art first (no DT/alpha art), then VFX",0
P4,hades_ability_soul_furnace,Soul Furnace,Hades,Structure,none (faction not in runtime catalog),none,static by design,NEEDS summon + death VFX,,,,,none,card art + model,"card art first (no DT/alpha art), then image-to-3D",35
P4,hades_apex_gate_beyond_death,Gate Beyond Death,Hades,Structure,none (faction not in runtime catalog),none,static by design,NEEDS summon + death VFX,,,,,none,card art + model,"card art first (no DT/alpha art), then image-to-3D",35
P4,hades_cerberus_gate_node,Cerberus Gate Node,Hades,Structure,none (faction not in runtime catalog),none,static by design,NEEDS summon + death VFX,,,,,none,card art + model,"card art first (no DT/alpha art), then image-to-3D",35
P4,hades_hades_throne_vault,Hades Throne Vault,Hades,Structure,none (faction not in runtime catalog),none,static by design,NEEDS summon + death VFX,,,,,none,card art + model,"card art first (no DT/alpha art), then image-to-3D",35
P4,hades_lethe_reservoir,Lethe Reservoir,Hades,Structure,none (faction not in runtime catalog),none,static by design,NEEDS summon + death VFX,,,,,none,card art + model,"card art first (no DT/alpha art), then image-to-3D",35
P4,hades_obol_archive,Obol Archive,Hades,Structure,none (faction not in runtime catalog),none,static by design,NEEDS summon + death VFX,,,,,none,card art + model,"card art first (no DT/alpha art), then image-to-3D",35
P4,hades_structure_chthonic_registry,Chthonic Registry,Hades,Structure,none (faction not in runtime catalog),none,static by design,NEEDS summon + death VFX,,,,,none,card art + model,"card art first (no DT/alpha art), then image-to-3D",35
P4,hades_structure_obol_counting_house,Obol Counting House,Hades,Structure,none (faction not in runtime catalog),none,static by design,NEEDS summon + death VFX,,,,,none,card art + model,"card art first (no DT/alpha art), then image-to-3D",35
P4,hades_structure_silent_mortuary,Silent Mortuary,Hades,Structure,none (faction not in runtime catalog),none,static by design,NEEDS summon + death VFX,,,,,none,card art + model,"card art first (no DT/alpha art), then image-to-3D",35
P4,hades_structure_undying_treasury,Undying Treasury,Hades,Structure,none (faction not in runtime catalog),none,static by design,NEEDS summon + death VFX,,,,,none,card art + model,"card art first (no DT/alpha art), then image-to-3D",35
P4,hephaestus_capital_bronze_heart,Bronze Heart,Hephaestus,Capital,none (faction not in runtime catalog),none,static by design,NEEDS summon + death VFX,,,,,desolate-tuba/capitals,model,image-to-3D,35
P4,hephaestus_capital_great_forge,The Great Forge,Hephaestus,Capital,none (faction not in runtime catalog),none,static by design,NEEDS summon + death VFX,,,,,desolate-tuba/capitals,model,image-to-3D,35
P4,hephaestus_capital_volcanic_foundry,Volcanic Foundry,Hephaestus,Capital,none (faction not in runtime catalog),none,static by design,NEEDS summon + death VFX,,,,,desolate-tuba/capitals,model,image-to-3D,35
P4,hephaestus_ability_forge_ram,Forge Ram,Hephaestus,Character,none (faction not in runtime catalog),none,needs rig,NEEDS summon + death VFX,,,,,none,card art + model,"card art first (no DT/alpha art), then image-to-3D",55
P4,hephaestus_apex_hephaestus_forge_avatar,Hephaestus Forge Avatar,Hephaestus,Character,none (faction not in runtime catalog),none,needs rig,NEEDS summon + death VFX,,,,,none,card art + model,"card art first (no DT/alpha art), then image-to-3D",55
P4,hephaestus_automaton_shieldsmith,Automaton Shieldsmith,Hephaestus,Character,none (faction not in runtime catalog),none,needs rig,NEEDS summon + death VFX,,,,,none,card art + model,"card art first (no DT/alpha art), then image-to-3D",55
P4,hephaestus_bronze_assembly_bot,Bronze Assembly Bot,Hephaestus,Character,none (faction not in runtime catalog),none,needs rig,NEEDS summon + death VFX,,,,,none,card art + model,"card art first (no DT/alpha art), then image-to-3D",55
P4,hephaestus_cyclops_arc_welder,Cyclops Arc-Welder,Hephaestus,Character,none (faction not in runtime catalog),none,needs rig,NEEDS summon + death VFX,,,,,none,card art + model,"card art first (no DT/alpha art), then image-to-3D",55
P4,hephaestus_daedalus_prototype,Daedalus Prototype,Hephaestus,Character,none (faction not in runtime catalog),none,needs rig,NEEDS summon + death VFX,,,,,none,card art + model,"card art first (no DT/alpha art), then image-to-3D",55
P4,hephaestus_fast_sparkblade_automaton,Sparkblade Automaton,Hephaestus,Character,none (faction not in runtime catalog),none,needs rig,NEEDS summon + death VFX,,,,,none,card art + model,"card art first (no DT/alpha art), then image-to-3D",55
P4,hephaestus_forge_spark_drone,Forge Spark Drone,Hephaestus,Character,none (faction not in runtime catalog),none,needs rig,NEEDS summon + death VFX,,,,,none,card art + model,"card art first (no DT/alpha art), then image-to-3D",55
P4,hephaestus_foundry_siege_walker,Foundry Siege Walker,Hephaestus,Character,none (faction not in runtime catalog),none,needs rig,NEEDS summon + death VFX,,,,,none,card art + model,"card art first (no DT/alpha art), then image-to-3D",55
P4,hephaestus_golden_hand_artificer,Golden Hand Artificer,Hephaestus,Character,none (faction not in runtime catalog),none,needs rig,NEEDS summon + death VFX,,,,,none,card art + model,"card art first (no DT/alpha art), then image-to-3D",55
P4,hephaestus_hephaestus_masterwork,Hephaestus Masterwork,Hephaestus,Character,none (faction not in runtime catalog),none,needs rig,NEEDS summon + death VFX,,,,,none,card art + model,"card art first (no DT/alpha art), then image-to-3D",55
P4,hephaestus_keyword_bronze_line_automaton,Bronze-Line Automaton,Hephaestus,Character,none (faction not in runtime catalog),none,needs rig,NEEDS summon + death VFX,,,,,none,card art + model,"card art first (no DT/alpha art), then image-to-3D",55
P4,hephaestus_keyword_colossus_prime,Colossus Prime,Hephaestus,Character,none (faction not in runtime catalog),none,needs rig,NEEDS summon + death VFX,,,,,none,card art + model,"card art first (no DT/alpha art), then image-to-3D",55
P4,hephaestus_keyword_foundry_bastion,Foundry Bastion,Hephaestus,Character,none (faction not in runtime catalog),none,needs rig,NEEDS summon + death VFX,,,,,none,card art + model,"card art first (no DT/alpha art), then image-to-3D",55
P4,hephaestus_keyword_mantle_borer,Mantle Borer,Hephaestus,Character,none (faction not in runtime catalog),none,needs rig,NEEDS summon + death VFX,,,,,none,card art + model,"card art first (no DT/alpha art), then image-to-3D",55
P4,hephaestus_keyword_subforge_sapper,Subforge Sapper,Hephaestus,Character,none (faction not in runtime catalog),none,needs rig,NEEDS summon + death VFX,,,,,none,card art + model,"card art first (no DT/alpha art), then image-to-3D",55
P4,hephaestus_sharp_turret_linker,Turret Linker,Hephaestus,Character,none (faction not in runtime catalog),none,needs rig,NEEDS summon + death VFX,,,,,none,card art + model,"card art first (no DT/alpha art), then image-to-3D",55
P4,hephaestus_siege_molten_borer,Molten Borer,Hephaestus,Character,none (faction not in runtime catalog),none,needs rig,NEEDS summon + death VFX,,,,,none,card art + model,"card art first (no DT/alpha art), then image-to-3D",55
P4,hephaestus_talos_colossus,Talos Colossus,Hephaestus,Character,none (faction not in runtime catalog),none,needs rig,NEEDS summon + death VFX,,,,,none,card art + model,"card art first (no DT/alpha art), then image-to-3D",55
P4,hephaestus_talos_patrol_frame,Talos Patrol Frame,Hephaestus,Character,none (faction not in runtime catalog),none,needs rig,NEEDS summon + death VFX,,,,,none,card art + model,"card art first (no DT/alpha art), then image-to-3D",55
P4,hephaestus_tunnel_riveter,Tunnel Riveter,Hephaestus,Character,none (faction not in runtime catalog),none,needs rig,NEEDS summon + death VFX,,,,,none,card art + model,"card art first (no DT/alpha art), then image-to-3D",55
P4,hephaestus_volcanic_survey_rig,Volcanic Survey Rig,Hephaestus,Character,none (faction not in runtime catalog),none,needs rig,NEEDS summon + death VFX,,,,,none,card art + model,"card art first (no DT/alpha art), then image-to-3D",55
P4,hephaestus_ability_ore_vein,Living Ore Vein,Hephaestus,Land,none (faction not in runtime catalog),none,static by design,NEEDS summon + death VFX,,,,,none,card art + model,"card art first (no DT/alpha art), then image-to-3D",20
P4,hephaestus_apex_golden_factory_district,Golden Factory District,Hephaestus,Land,none (faction not in runtime catalog),none,static by design,NEEDS summon + death VFX,,,,,none,card art + model,"card art first (no DT/alpha art), then image-to-3D",20
P4,hephaestus_apex_olympian_magma_heart,Olympian Magma Heart,Hephaestus,Land,none (faction not in runtime catalog),none,static by design,NEEDS summon + death VFX,,,,,none,card art + model,"card art first (no DT/alpha art), then image-to-3D",20
P4,hephaestus_apex_titan_salvage_expanse,Titan Salvage Expanse,Hephaestus,Land,none (faction not in runtime catalog),none,static by design,NEEDS summon + death VFX,,,,,none,card art + model,"card art first (no DT/alpha art), then image-to-3D",20
P4,hephaestus_cinderworks_lot,Cinderworks Lot,Hephaestus,Land,none (faction not in runtime catalog),none,static by design,NEEDS summon + death VFX,,,,,none,card art + model,"card art first (no DT/alpha art), then image-to-3D",20
P4,hephaestus_cyclops_foundry_floor,Cyclops Foundry Floor,Hephaestus,Land,none (faction not in runtime catalog),none,static by design,NEEDS summon + death VFX,,,,,none,card art + model,"card art first (no DT/alpha art), then image-to-3D",20
P4,hephaestus_hephaestus_core_forge,Hephaestus Core Forge,Hephaestus,Land,none (faction not in runtime catalog),none,static by design,NEEDS summon + death VFX,,,,,none,card art + model,"card art first (no DT/alpha art), then image-to-3D",20
P4,hephaestus_land_caldera_works,Caldera Works,Hephaestus,Land,none (faction not in runtime catalog),none,static by design,NEEDS summon + death VFX,,,,,none,card art + model,"card art first (no DT/alpha art), then image-to-3D",20
P4,hephaestus_land_copper_seam,Copper Seam,Hephaestus,Land,none (faction not in runtime catalog),none,static by design,NEEDS summon + death VFX,,,,,none,card art + model,"card art first (no DT/alpha art), then image-to-3D",20
P4,hephaestus_land_mantle_concession,Mantle Concession,Hephaestus,Land,none (faction not in runtime catalog),none,static by design,NEEDS summon + death VFX,,,,,none,card art + model,"card art first (no DT/alpha art), then image-to-3D",20
P4,hephaestus_land_slag_claim,Slag Claim,Hephaestus,Land,none (faction not in runtime catalog),none,static by design,NEEDS summon + death VFX,,,,,none,card art + model,"card art first (no DT/alpha art), then image-to-3D",20
P4,hephaestus_magma_conduit_field,Magma Conduit Field,Hephaestus,Land,none (faction not in runtime catalog),none,static by design,NEEDS summon + death VFX,,,,,none,card art + model,"card art first (no DT/alpha art), then image-to-3D",20
P4,hephaestus_apex_masterwork_restoration,Masterwork Restoration,Hephaestus,Spell,none (effect by design),n/a,n/a,NEEDS cast + impact VFX,,,,,none,VFX only,"card art first (no DT/alpha art), then VFX",0
P4,hephaestus_core_meltdown,Core Meltdown,Hephaestus,Spell,none (effect by design),n/a,n/a,NEEDS cast + impact VFX,,,,,none,VFX only,"card art first (no DT/alpha art), then VFX",0
P4,hephaestus_field_repair,Field Repair,Hephaestus,Spell,none (effect by design),n/a,n/a,NEEDS cast + impact VFX,,,,,none,VFX only,"card art first (no DT/alpha art), then VFX",0
P4,hephaestus_overclock,Overclock,Hephaestus,Spell,none (effect by design),n/a,n/a,NEEDS cast + impact VFX,,,,,none,VFX only,"card art first (no DT/alpha art), then VFX",0
P4,hephaestus_plasma_cut,Plasma Cut,Hephaestus,Spell,none (effect by design),n/a,n/a,NEEDS cast + impact VFX,,,,,none,VFX only,"card art first (no DT/alpha art), then VFX",0
P4,hephaestus_reactive_plating,Reactive Plating,Hephaestus,Spell,none (effect by design),n/a,n/a,NEEDS cast + impact VFX,,,,,none,VFX only,"card art first (no DT/alpha art), then VFX",0
P4,hephaestus_ability_repair_foundry,Repair Foundry,Hephaestus,Structure,none (faction not in runtime catalog),none,static by design,NEEDS summon + death VFX,,,,,none,card art + model,"card art first (no DT/alpha art), then image-to-3D",35
P4,hephaestus_apex_adamant_bulwark_engine,Adamant Bulwark Engine,Hephaestus,Structure,none (faction not in runtime catalog),none,static by design,NEEDS summon + death VFX,,,,,none,card art + model,"card art first (no DT/alpha art), then image-to-3D",35
P4,hephaestus_apex_cyclops_star_furnace,Cyclops Star Furnace,Hephaestus,Structure,none (faction not in runtime catalog),none,static by design,NEEDS summon + death VFX,,,,,none,card art + model,"card art first (no DT/alpha art), then image-to-3D",35
P4,hephaestus_apex_daedalus_infinite_workshop,Daedalus Infinite Workshop,Hephaestus,Structure,none (faction not in runtime catalog),none,static by design,NEEDS summon + death VFX,,,,,none,card art + model,"card art first (no DT/alpha art), then image-to-3D",35
P4,hephaestus_apex_forge_of_divine_machines,Forge of Divine Machines,Hephaestus,Structure,none (faction not in runtime catalog),none,static by design,NEEDS summon + death VFX,,,,,none,card art + model,"card art first (no DT/alpha art), then image-to-3D",35
P4,hephaestus_apex_talos_resurrection_cradle,Talos Resurrection Cradle,Hephaestus,Structure,none (faction not in runtime catalog),none,static by design,NEEDS summon + death VFX,,,,,none,card art + model,"card art first (no DT/alpha art), then image-to-3D",35
P4,hephaestus_automaton_assembly_line,Automaton Assembly Line,Hephaestus,Structure,none (faction not in runtime catalog),none,static by design,NEEDS summon + death VFX,,,,,none,card art + model,"card art first (no DT/alpha art), then image-to-3D",35
P4,hephaestus_cyclops_plasma_furnace,Cyclops Plasma Furnace,Hephaestus,Structure,none (faction not in runtime catalog),none,static by design,NEEDS summon + death VFX,,,,,none,card art + model,"card art first (no DT/alpha art), then image-to-3D",35
P4,hephaestus_smart_metal_bulwark,Smart-Metal Bulwark,Hephaestus,Structure,none (faction not in runtime catalog),none,static by design,NEEDS summon + death VFX,,,,,none,card art + model,"card art first (no DT/alpha art), then image-to-3D",35
P4,hephaestus_structure_automender_foundry,Automender Foundry,Hephaestus,Structure,none (faction not in runtime catalog),none,static by design,NEEDS summon + death VFX,,,,,none,card art + model,"card art first (no DT/alpha art), then image-to-3D",35
P4,hephaestus_structure_gear_mint,Gear Mint,Hephaestus,Structure,none (faction not in runtime catalog),none,static by design,NEEDS summon + death VFX,,,,,none,card art + model,"card art first (no DT/alpha art), then image-to-3D",35
P4,hephaestus_structure_perpetual_works,Perpetual Works,Hephaestus,Structure,none (faction not in runtime catalog),none,static by design,NEEDS summon + death VFX,,,,,none,card art + model,"card art first (no DT/alpha art), then image-to-3D",35
P4,hephaestus_structure_precision_mill,Precision Mill,Hephaestus,Structure,none (faction not in runtime catalog),none,static by design,NEEDS summon + death VFX,,,,,none,card art + model,"card art first (no DT/alpha art), then image-to-3D",35
P4,hephaestus_talos_foundry_citadel,Talos Foundry Citadel,Hephaestus,Structure,none (faction not in runtime catalog),none,static by design,NEEDS summon + death VFX,,,,,none,card art + model,"card art first (no DT/alpha art), then image-to-3D",35
-,poseidon_ability_healing_shoal,Healing Shoal,Poseidon,Land,final,final (faction text palette),static by design,"place pop (generic, OK)",6539,,staging/meshy/batch-05-lands-pilot/hybrid/poseidon_ability_healing_shoal.glb,01a0f71a-e16f… (prefix); 01a0f720… (prefix); 01a0f72f… (prefix),desolate-tuba/lands,,,0
-,poseidon_abyssal_pressure_trench,Abyssal Pressure Trench,Poseidon,Land,final,final (faction text palette),static by design,"place pop (generic, OK)",6501,,staging/meshy/batch-06-lands-hybrid/hybrid/poseidon_abyssal_pressure_trench.glb,01a0f948-a148-7386-9a01-3b3eecc6541e; 01a0f94f-381c-7566-b784-6f37c1eeb28d,desolate-tuba/lands,,,0
-,poseidon_apex_atlantis_crown_basin,Atlantis Crown Basin,Poseidon,Land,final,final (faction text palette),static by design,"place pop (generic, OK)",8498,,staging/meshy/batch-05-lands-pilot/hybrid/poseidon_apex_atlantis_crown_basin.glb,01a0f71b-7889… (prefix); 01a0f726… (prefix); 01a0f735… (prefix),desolate-tuba/lands,,,0
-,poseidon_apex_leviathan_nursery_trench,Leviathan Nursery Trench,Poseidon,Land,final,final (faction text palette),static by design,"place pop (generic, OK)",9440,,staging/meshy/batch-06-lands-hybrid/hybrid/poseidon_apex_leviathan_nursery_trench.glb,01a0f944-f493-760e-bff8-bc33da82ffb5; 01a0f946-1029-7628-a445-c08b79c64877,desolate-tuba/lands,,,0
-,poseidon_apex_oceanus_current_vault,Oceanus Current Vault,Poseidon,Land,final,final (faction text palette),static by design,"place pop (generic, OK)",8806,,staging/meshy/batch-05-lands-pilot/hybrid/poseidon_apex_oceanus_current_vault.glb,01a0f71b-bf1a… (prefix); 01a0f728… (prefix); 01a0f737… (prefix),desolate-tuba/lands,,,0
-,poseidon_apex_trident_confluence,Trident Confluence,Poseidon,Land,final,final (faction text palette),static by design,"place pop (generic, OK)",4981,,staging/meshy/batch-06-lands-hybrid/hybrid/poseidon_apex_trident_confluence.glb,01a0f947-5e9f-769f-abef-d16e802a9648; 01a0f94d-2c8b-70da-912f-0bdd8e866fb7,desolate-tuba/lands,,,0
-,poseidon_apex_worldsea_platform,Worldsea Platform,Poseidon,Land,final,final (faction text palette),static by design,"place pop (generic, OK)",7409,,staging/meshy/batch-06-lands-hybrid/hybrid/poseidon_apex_worldsea_platform.glb,01a0f947-ab5f-75b5-9c0b-aac0d53dc535; 01a0f94d-879e-7481-bd21-475118b1c8b6,desolate-tuba/lands,,,0
-,poseidon_coral_data_reef,Coral Data Reef,Poseidon,Land,final,final (faction text palette),static by design,"place pop (generic, OK)",10160,,staging/meshy/batch-06-lands-hybrid/hybrid/poseidon_coral_data_reef.glb,01a0f948-8be0-7114-875f-9fa25a313a4a; 01a0f94f-132d-706d-bbaa-8d5533a07950,desolate-tuba/lands,,,0
-,poseidon_drowned_archive,Drowned Archive,Poseidon,Land,final,final (faction text palette),static by design,"place pop (generic, OK)",1893,,staging/meshy/batch-06-lands-hybrid/hybrid/poseidon_drowned_archive.glb,01a0f948-cc14-72ed-8cc0-8fb4d768e4bf; 01a0f94f-da78-7791-be62-730726e942c3,alpha-0.7.15/lands,,,0
-,poseidon_land_coral_tributary,Coral Tributary,Poseidon,Land,final,final (faction text palette),static by design,"place pop (generic, OK)",3293,,staging/meshy/batch-06-lands-hybrid/hybrid/poseidon_land_coral_tributary.glb,01a0f949-fe3d-7487-b68b-8520f90d3817; 01a0f953-cdf2-7110-987f-bc690f2c810a,desolate-tuba/lands,,,0
-,poseidon_land_leviathan_shelf,Leviathan Shelf,Poseidon,Land,final,final (faction text palette),static by design,"place pop (generic, OK)",8129,,staging/meshy/batch-06-lands-hybrid/hybrid/poseidon_land_leviathan_shelf.glb,01a0f94a-13c0-73f3-b3e8-e88bd997e98e; 01a0f954-2541-7797-917a-323459c7029c,desolate-tuba/lands,,,0
-,poseidon_land_pelagic_kingdom,Pelagic Kingdom,Poseidon,Land,final,final (faction text palette),static by design,"place pop (generic, OK)",3490,,staging/meshy/batch-06-lands-hybrid/hybrid/poseidon_land_pelagic_kingdom.glb,01a0f949-70aa-74fb-a3ed-8292dec0f42a; 01a0f950-6dca-7442-9c45-5a8dc2fd36b2,desolate-tuba/lands,,,0
-,poseidon_land_saltmarsh_harbor,Saltmarsh Harbor,Poseidon,Land,final,final (faction text palette),static by design,"place pop (generic, OK)",9156,,staging/meshy/batch-06-lands-hybrid/hybrid/poseidon_land_saltmarsh_harbor.glb,01a0f949-5b41-760d-88c7-7ace951f8a82; 01a0f950-48ea-7519-914a-f0d638a8f77c,desolate-tuba/lands,,,0
-,poseidon_neon_tidelands,Neon Tidelands,Poseidon,Land,final,final (faction text palette),static by design,"place pop (generic, OK)",10362,,staging/meshy/batch-06-lands-hybrid/hybrid/poseidon_neon_tidelands.glb,01a0f948-7651-7529-ac11-d53e7a49460c; 01a0f94e-ee53-77e0-9da2-086b25dfcc8e,desolate-tuba/lands,,,0
-,poseidon_palace_of_tides_approach,Palace of Tides Approach,Poseidon,Land,final,final (faction text palette),static by design,"place pop (generic, OK)",8647,,staging/meshy/batch-06-lands-hybrid/hybrid/poseidon_palace_of_tides_approach.glb,01a0f948-b64c-778c-98eb-5185b88f638a; 01a0f94f-b5bb-756e-afec-0dc15aec7c69,desolate-tuba/lands,,,0
-,poseidon_tutor_land_1,Mole-Tide Channel,Poseidon,Land,final,final (faction text palette),static by design,"place pop (generic, OK)",7578,,staging/meshy/batch-06-lands-hybrid/hybrid/poseidon_tutor_land_1.glb,01a0f94a-2888-7727-9ec0-2b72b7a8b98a; 01a0f954-4e31-7523-8ef4-23bc85b7f740,desolate-tuba/lands,,,0
-,poseidon_tutor_land_2,Vanguard Reef,Poseidon,Land,final,final (faction text palette),static by design,"place pop (generic, OK)",5240,,staging/meshy/batch-06-lands-hybrid/hybrid/poseidon_tutor_land_2.glb,01a0f94a-3d7e-7345-a4a8-5253fcc76fb8; 01a0f954-76f5-77f6-b6b0-f0b24793313d,desolate-tuba/lands,,,0
-,poseidon_tutor_land_3,Leviathan Mooring Shelf,Poseidon,Land,final,final (faction text palette),static by design,"place pop (generic, OK)",5098,,staging/meshy/batch-06-lands-hybrid/hybrid/poseidon_tutor_land_3.glb,01a0f94a-52ab-7523-a4a4-d05d1e8f244e; 01a0f954-d9ae-76b5-8b8a-464916b4be7d,desolate-tuba/lands,,,0
-,poseidon_tutor_land_4,Sunken Muster Basin,Poseidon,Land,final,final (faction text palette),static by design,"place pop (generic, OK)",3936,,staging/meshy/batch-06-lands-hybrid/hybrid/poseidon_tutor_land_4.glb,01a0f94a-67f1-7061-8f5d-e6e66c7b1229; 01a0f955-02b6-7295-bbbc-2984239df0e2,desolate-tuba/lands,,,0
-,poseidon_tutor_land_5,Worldsea Anchorage,Poseidon,Land,final,final (faction text palette),static by design,"place pop (generic, OK)",3718,,staging/meshy/batch-06-lands-hybrid/hybrid/poseidon_tutor_land_5.glb,01a0f94a-c9e6-7140-befc-266aeda4571a; 01a0f955-2ba4-7689-bb0f-3e45c96f13cb,desolate-tuba/lands,,,0
-,zeus_capital_cloud_throne,Cloud Throne,Zeus,Capital,final,final,static by design,NEEDS build-up summon + collapse death (generic burst today),30253,,staging/meshy/batch-04b-alpha-img2-3d/zeus_capital_cloud_throne.glb,01a0f210-e403-77a0-b950-449e04e50ec0; 01a0f225-e8ae-7459-a5c9-d5ef0e69d9e1; 01a0f425-e416-747b-838a-3d7090dfa5c8,desolate-tuba/capitals,,,0
-,zeus_capital_keraunos_spire,Keraunos Spire,Zeus,Capital,final,final,static by design,NEEDS build-up summon + collapse death (generic burst today),29353,,staging/meshy/batch-04b-alpha-img2-3d/zeus_capital_keraunos_spire.glb,01a0f20f-f236-75e0-ad94-2f0afecf2096; 01a0f223-6558-74e6-8919-de5f7d377454; 01a0f423-e95c-7111-a070-0578aafc5f8d,desolate-tuba/capitals,,,0
-,zeus_capital_olympus_citadel,Olympus Citadel,Zeus,Capital,final,final,static by design,NEEDS build-up summon + collapse death (generic burst today),29208,,staging/meshy/batch-04b-alpha-img2-3d/zeus_capital_olympus_citadel.glb,01a0f20e-f71c-709a-97b0-973f2f694c46; 01a0f220-f26d-763d-bc0b-57b667e4e5f0,desolate-tuba/capitals,,,0
-,zeus_ability_stormfront,Stormfront Plateau,Zeus,Land,final,final (faction text palette),static by design,"place pop (generic, OK)",6605,,staging/meshy/batch-05-lands-pilot/hybrid/zeus_ability_stormfront.glb,01a0f71a-956e… (prefix); 01a0f71e… (prefix); 01a0f73c… (prefix),desolate-tuba/lands,,,0
-,zeus_apex_celestial_throne_grid,Celestial Throne Grid,Zeus,Land,final,final (faction text palette),static by design,"place pop (generic, OK)",6430,,staging/meshy/batch-05-lands-pilot/hybrid/zeus_apex_celestial_throne_grid.glb,01a0f71b-4da4… (prefix); 01a0f724… (prefix); 01a0f733… (prefix),desolate-tuba/lands,,,0
-,zeus_eagles_perch_array,Eagle's Perch Array,Zeus,Land,final,final (faction text palette),static by design,"place pop (generic, OK)",9476,,staging/meshy/batch-06-lands-hybrid/hybrid/zeus_eagles_perch_array.glb,01a0f947-edf6-7720-b1ae-7d85ed329186; 01a0f94e-a4d9-71f9-9c02-9f5e6cc2e943,desolate-tuba/lands,,,0
-,zeus_ionized_skyway,Ionized Skyway,Zeus,Land,final,final (faction text palette),static by design,"place pop (generic, OK)",8485,,staging/meshy/batch-06-lands-hybrid/hybrid/zeus_ionized_skyway.glb,01a0f947-d7d9-744a-94ae-beb4c773a66e; 01a0f94e-2bf1-764a-8828-3e95d4f575c2,desolate-tuba/lands,,,0
-,zeus_land_aurora_reach,Aurora Reach,Zeus,Land,final,final (faction text palette),static by design,"place pop (generic, OK)",8253,,staging/meshy/batch-06-lands-hybrid/hybrid/zeus_land_aurora_reach.glb,01a0f949-9c56-74c7-9acb-708924b4fd9b; 01a0f951-1574-7398-a344-e99d5f8607a5,desolate-tuba/lands,,,0
-,zeus_land_dawncloud_step,Dawncloud Step,Zeus,Land,final,final (faction text palette),static by design,"place pop (generic, OK)",5712,,staging/meshy/batch-06-lands-hybrid/hybrid/zeus_land_dawncloud_step.glb,01a0f949-3054-76d4-80f4-709bcaff09bc; 01a0f94f-ff3a-7157-9cbf-968b6e8c9820,desolate-tuba/lands,,,0
-,zeus_land_empyrean_current,Empyrean Current,Zeus,Land,final,final (faction text palette),static by design,"place pop (generic, OK)",7521,,staging/meshy/batch-06-lands-hybrid/hybrid/zeus_land_empyrean_current.glb,01a0f949-463c-75a7-aadf-5a69973398c5; 01a0f950-2413-7667-ad68-cf2e61b46eb6,desolate-tuba/lands,,,0
-,zeus_land_thunderstep_plateau,Thunderstep Plateau,Zeus,Land,final,final (faction text palette),static by design,"place pop (generic, OK)",2279,,staging/meshy/batch-06-lands-hybrid/hybrid/zeus_land_thunderstep_plateau.glb,01a0f949-8676-745c-be2b-1977a1c136c2; 01a0f950-f0c1-71dd-8db7-3ac32ba69874,desolate-tuba/lands,,,0
-,zeus_olympian_cloudbank,Olympian Cloudbank,Zeus,Land,final,final (faction text palette),static by design,"place pop (generic, OK)",1578,,staging/meshy/batch-06-lands-hybrid/hybrid/zeus_olympian_cloudbank.glb,01a0f947-c1a1-74e5-a5bc-514ea4514f20; 01a0f94e-0748-7688-9a71-1060f80fd144,desolate-tuba/lands,,,0
-,zeus_throneward_conduit,Throneward Conduit,Zeus,Land,final,final (faction text palette),static by design,"place pop (generic, OK)",4929,,staging/meshy/batch-06-lands-hybrid/hybrid/zeus_throneward_conduit.glb,01a0f948-5fb7-739f-be3a-92f7f3049c66; 01a0f94e-c98a-7584-8750-a71d4437e206,desolate-tuba/lands,,,0
-,zeus_tutor_land_1,Stormwright's Approach,Zeus,Land,final,final (faction text palette),static by design,"place pop (generic, OK)",2830,,staging/meshy/batch-06-lands-hybrid/hybrid/zeus_tutor_land_1.glb,01a0f94a-e022-72fe-9caf-9b8860e2828b; 01a0f955-54b6-7347-9d28-21e8618ef8ee,desolate-tuba/lands,,,0
-,zeus_tutor_land_2,Blinkway Plateau,Zeus,Land,final,final (faction text palette),static by design,"place pop (generic, OK)",4198,,staging/meshy/batch-06-lands-hybrid/hybrid/zeus_tutor_land_2.glb,01a0f94a-f5be-77e5-b7a8-b1de9bc74e8c; 01a0f955-b814-71d8-a1b0-441836974e48,desolate-tuba/lands,,,0
-,zeus_tutor_land_3,Far-Sight Cloudbank,Zeus,Land,final,final (faction text palette),static by design,"place pop (generic, OK)",3649,,staging/meshy/batch-06-lands-hybrid/hybrid/zeus_tutor_land_3.glb,01a0f94b-0b86-75c1-8b7d-9d3f6836556b; 01a0f955-e101-7595-b10e-9675f1bdb7ca,desolate-tuba/lands,,,0
-,zeus_tutor_land_4,Keraunic Assembly Field,Zeus,Land,final,final (faction text palette),static by design,"place pop (generic, OK)",1229,,staging/meshy/batch-06-lands-hybrid/hybrid/zeus_tutor_land_4.glb,01a0f94b-20dd-73a4-8270-02ee8b483de8; 01a0f956-09ca-7720-9f25-c09709ae7fc3,desolate-tuba/lands,,,0
-,zeus_tutor_land_5,Olympian Muster Sky,Zeus,Land,final,final (faction text palette),static by design,"place pop (generic, OK)",7883,,staging/meshy/batch-06-lands-hybrid/hybrid/zeus_tutor_land_5.glb,01a0f94b-3658-77bc-951d-99a50ea7e1d6; 01a0f956-32aa-7251-bb41-f4a5556dc132,desolate-tuba/lands,,,0
